Rank,Variable,Mean absolute SHAP,HSLS variable description,Feature dimension
1,X2SEX,0.1360960083141021,"X2SEX is the sample member's sex. The composite is based on data from the BY student questionnaire, parent questionnaire, and/or school-provided sampling roster, and then updated when missing with data from the F1 student questionnaire.",Demographic/SES controls
2,S2SCAREER,0.1130608240975925,Why [are/were] you taking [science course title] ? Would you say you [are/were] taking it because... you will need it for your career? 1=Yes 0=No,Career interests and aspirations
3,S2SEX,0.09963551105393513,Are you... 1=Male or 2=Female? Programming note: Values have been filled with the response from the base year student interview. Administered To: Respondents who did not participate in base year. Crossround Note: This variable is a repeat of the BY variable S1SEX.,Demographic/SES controls
4,S2MCAREER,0.09956888244635728,Why [are/were] you taking [math course title] ? Would you say you [are/were] taking it because... you will need it for your career? 1=Yes 0=No,Career interests and aspirations
5,X1SEX,0.09905802831173995,"Sex of the sample member, taken from the base year student questionnaire, parent questionnaire, and/or school-provided sampling roster. If the sex indicated by any of these three sources was inconsistent, X1SEX was coded based on manual review of the sample member's first name.",Demographic/SES controls
6,X2SCIID,0.09821853313182279,"This variable is a scale of the sample member's science identity. Sample members who tend to agree with the statements ""You see yourself as a science person"" and/or ""Others see me as a science person"" will have higher values for X2SCIID. Variable was created through principal components factor analysis (weighted by W2STUDENT) and standardized to a mean of 0 and standard deviation of 1. The inputs to this scale were S2SPERSON1 and S2SPERSON2. Only respondents who provided a full set of responses were assigned a scale value. The coefficient of reliability (alpha) for the scale is .65 or higher. For more information on this scale score, please see chapter 5 of the F1 Data File Documentation (NCES 2014-361). Mean Std Deviation Category Min Max Unweighted Unweighted ------------------- ------------------- ------------------- ------------------- ------------------- Continuous -9.00 1.86 -1.20 3.10",Skills and self-efficacy
7,S2FAVSUBJ,0.08403570954409662,"Not including lunch or study periods, what [is/was] your favorite school subject? 1=English 2=Foreign language 3=Science 4=Art 5=Music 6=Mathematics 7=Physical education or gym 8=Religion 9=Health education 10=Computer science 11=Social studies, history, government, or civics 12=Career preparation class such as health professions, business, or culinary arts 13=Other subject",Career interests and aspirations
8,X2MTHID,0.08071843178506365,"This variable is a scale of the sample member's math identity. Sample members who tend to agree with the statements ""You see yourself as a math person"" and/or ""Others see me as a math person"" will have higher values for X2MTHID. This variable was created through principal components factor analysis (weighted by W2STUDENT) and standardized to a mean of 0 and standard deviation of 1. The inputs to this scale were S2MPERSON1 and S2MPERSON2. Only respondents who provided a full set of responses were assigned a scale value. The coefficient of reliability (alpha) for the scale is .65 or higher. For more information on this scale score, please see chapter 5 of the F1 Data File Documentation (NCES 2014-361). Mean Std Deviation Category Min Max Unweighted Unweighted ------------------- ------------------- ------------------- ------------------- ------------------- Continuous -9.00 1.82 -1.16 3.07",Skills and self-efficacy
9,S2SUSEJOB,0.06728701184284057,How much do you agree or disagree with the following statements about science? Science is useful for a future career. 1=Strongly agree 2=Agree 3=Disagree 4=Strongly disagree Administered To: All respondents Crossround Note: This variable is a repeat of the BY variable S1SUSEJOB.,Career interests and aspirations
10,X3THIPHY,0.0665715625004277,"Highest Physics course, which is the first two digits of the course SCED code: 03.",Academic performance/preparation
11,X3THIBIO,0.0662032460051288,"Highest Biology course, which is the first two digits of the course SCED code: 03.",Academic performance/preparation
12,P1ARTS,0.059012969308897184,"During the last 12 months, has [your 9th-grader] participated in any of the following activities outside of school? (Check all that apply.) Music, dance, art, or theater Organized sports supervised by an adult Religious youth group or religious instruction Scouting or another group or club activity Academic instruction outside of school such as from a Saturday Academy, learning center, personal tutor or summer school program A math or science camp Another camp None of these",Behavioral/psychological factors
13,S2CLUBTIME,0.053501274102512576,Which of the following are reasons you [do not/did not] spend more time studying? You [have/had] organized activities such as clubs or sports that [take/took] too much time. 1=Yes 0=No Administered To: Respondents who thought they could earn better grades by spending more time studying.,Behavioral/psychological factors
14,S1MPERSON1,0.047141435068726346,How much do you agree or disagree with the following statements? You see yourself as a math person Strongly agree Agree Disagree Strongly disagree,Skills and self-efficacy
15,S2HSJOBEVER,0.045417503207948844,"[At any time since starting 9th grade, have you worked/At any time when you were enrolled in high school, did you work] for pay during the school year? Do not count work around the house. 1=Yes 0=No",Demographic/SES controls
16,X3TNEWBASIC,0.04494761563038134,"The new basics variable (X3TNEWBASIC) and similar composites (X3TCRSES1-5) are based on credit counts without regard to the level of courses completed (except for the condition that at least two credits in a single foreign language must be earned). Only credits accrued in 9th through 12th grade (or ungraded) are included. For a cross-subject coursetaking composite that takes into account the level of courses completed, see academic track/concentrator (X3TACADTRCK). Values indicate whether the sample member is on: (1) a college-bound core curriculum that includes at least 4 English credits, 3 math credits, 3 science credits, 3 social studies credits, .5 computer science credits, and 2 credits in a particular foreign language; (2) a core curriculum that includes at least 4 English credits, 3 math credits, 3 science credits, 3 social studies credits, and .5 computer science credits; (3) a college bound core curriculum without computer sciences that includes at least 4 English credits, 3 math credits, 3 science credits, 3 social studies credits, and 2 credits in a particular foreign language; (4) a core curriculum without computer sciences track that includes at least 4 English credits, 3 math credits, 3 science credits, and 3 social studies credits; (5) a minimal core curriculum that includes at least 4 English credits, 2 math credits, 2 science credits, and 3 social studies credits; or (6) all other patterns.",Academic performance/preparation
17,S2PSATNUM,0.044481029147651514,"How many times, if any, have you taken the following tests? PSAT or PLAN 0=Never 1=Once 2=Twice 3=3 or more times 4=You don't know what this is Administered To: All respondents.",Academic performance/preparation
18,S2COST4YPRV,0.04383695435140065,What is your best estimate of the cost of one year's tuition and required fees at a typical private 4-year college ? (Please include the cost of courses and required fees such as student activity fees and student health fees. Do not include optional expenses such as room and board.) $ per year Administered To: All respondents. Sparse values recoded to similar values on the public use file. Mean Std Deviation Category Min Max Unweighted Unweighted ------------------- ------------------- ------------------- ------------------- ------------------- Continuous -9.00 100000.00 13547.30 21128.04,Demographic/SES controls
19,P1SPORTS,0.043602605162423355,"During the last 12 months, has [your 9th-grader] participated in any of the following activities outside of school? (Check all that apply.) Music, dance, art, or theater Organized sports supervised by an adult Religious youth group or religious instruction Scouting or another group or club activity Academic instruction outside of school such as from a Saturday Academy, learning center, personal tutor or summer school program A math or science camp Another camp None of these",Behavioral/psychological factors
20,S2FAMREC,0.043108842379141435,How important to you [will/would] each of the following characteristics be when choosing a school or college to attend after high school? Recommended by family or friends 1=Very important 2=Somewhat important 3=Not at all important,Demographic/SES controls
21,S2SENJOYS,0.042712339171153045,Why [are/were] you taking [science course title] ? Would you say you [are/were] taking it because... you really enjoy science? 1=Yes 0=No,Career interests and aspirations
22,S2SATNUM,0.04189668056530855,"How many times, if any, have you taken the following tests? SAT or ACT 0=Never 1=Once 2=Twice 3=3 or more times 4=You don't know what this is Administered To: All respondents.",Academic performance/preparation
23,S1PLAN,0.041587073389884155,"An ""education plan"" or a ""career plan"" is a series of activities and courses that you will need to complete in order to get into college or be successful in your future career. Have you put together... a combined education and career plan an education plan only a career plan only or none of these?",Career interests and aspirations
24,S2FRFTJOB,0.03990906793860891,How many of your close friends... plan to have a full-time job instead of continuing their education? 0=None of them 1=Less than half 2=About half 3=More than half 4=All of them 5=Don't know Administered To: All respondents.,Demographic/SES controls
25,S2FRCLGEXAM,0.03861297231341815,"How many of your close friends... have taken the PSAT, SAT, PLAN or ACT? 0=None of them 1=Less than half 2=About half 3=More than half 4=All of them 5=Don't know Administered To: All respondents.",Demographic/SES controls
26,X3THILANG,0.038074747990790254,"Highest Foreign Language course, which is the first two digits of the course SCED code: 06.",Academic performance/preparation
27,S1FYBA,0.03766906888040358,What do you plan to do during your first year after high school? (Check all that apply.) Enroll in an Associate's degree program in a two-year community college or technical institute Enroll in a Bachelor's degree program in a college or university Obtain a license or certificate in a career field Attend a registered apprenticeship program Join the armed services Get a job Start a family Travel Do volunteer or missionary work Not sure what you want to do,Career interests and aspirations
28,P1EDUASPIRE,0.03656265546145699,"If there were no barriers, how far in school would you want [your 9th-grader] to go? Less than high school High school diploma or GED Start but not complete an Associate's degree Complete an Associate's degree Start but not complete a Bachelor's degree Complete a Bachelor's degree Start but not complete a Master's degree Complete a Master's degree Start but not complete a Ph.D., M.D., law degree, or other high level professional degree Complete a Ph.D., M.D., law degree, or other high level professional degree",Demographic/SES controls
29,S2MUSEJOB,0.035486124401244094,How much do you agree or disagree with the following statements about math? Math is useful for a future career. 1=Strongly agree 2=Agree 3=Disagree 4=Strongly disagree Administered To: All respondents Crossround Note: This variable is a repeat of the BY variable S1MUSEJOB.,Career interests and aspirations
30,S1SUNDERST,0.03496748848017494,"When you are working on a science assignment, how often do you think you really understand the assignment? Never Rarely Sometimes Often",Skills and self-efficacy
31,S1PAYOFF,0.034649863279921894,How much do you agree or disagree with the following statements? Studying in school rarely pays off later with good jobs Strongly agree Agree Disagree Strongly disagree,Academic performance/preparation
32,X2TXMPROF4,0.03374894378654376,"The math proficiency probability scores are criterion-referenced and are based on clusters of items that mark seven levels on the mathematics scale developed in the HSLS:09 first follow-up. The levels are hierarchical in the sense that mastery of a higher level typically implies proficiency at the lower levels. The HSLS:09 first follow-up proficiency probabilities were computed using IRT-estimated item parameters. Each proficiency probability represents the probability that a student would pass a given proficiency level. Clusters of four items were identified that marked mathematics level 4: systems of equations. Students able to answer questions such as these have an understanding of systems of linear equations and can solve such systems algebraically and graphically and characterize the lines (parallel, intersecting, collinear) represented by a system of linear equations. See Chapter 2 of the HSLS:09 F1 Data File Documentation (NCES 2014-361) for more information on the derivation of the math proficiency probability scores. Mean Std Deviation Category Min Max Unweighted Unweighted ------------------- ------------------- ------------------- ------------------- ------------------- Continuous -8.0000 1.0000 -0.6990 2.7640",Academic performance/preparation
33,S2OHOMEWRK,0.0332246734633763,"During a typical school week [during the spring term of 2012/when you were last enrolled in high school], how many hours [do/did] you spend... working on homework and studying for the rest of your classes? 0=No time 1=Less than 1/2 hour 2=1/2 to 1 hour 3=1 to 2 hours 4=2 to 3 hours 5=4 to 6 hours 6=7 to 9 hours 7=More than 9 hours Administered To: All respondents",Behavioral/psychological factors
34,X1RACE,0.03321547356813314,"X1RACE characterizes the sample member's race/ethnicity by summarizing the following six dichotomous race/ethnicity composites: X1HISPANIC, X1WHITE, X1BLACK, X1ASIAN, X1PACISLE, and X1AMINDIAN. The dichotomous race/ethnicity composites are based on data from the student questionnaire, if available; if not available from the student questionnaire, they are based on, in order of preference, data from the school-provided sampling roster or data from the parent questionnaire. X1RACE is derived from the six dichotomous race/ethnicity variables listed above (though the imputed values of X1WHITE, X1BLACK, X1ASIAN, X1PACISLE, and X1AMINDIAN are not stored on the data file). If any of these input variables are imputed, then the imputation flag for X1RACE (X1RACE _IM) is set to 1.",Demographic/SES controls
35,S1EDUEXPECT,0.032424134303930645,"As things stand now, how far in school do you think you will get? Less than high school High school graduation or GED Start but not complete an Associate's degree from a community college or technical institute Complete an Associate's degree from a community college or technical institute Start but not complete a Bachelor's degree Complete a Bachelor's degree Start but not complete a Master's degree or equivalent Complete a Master's degree or equivalent Start but not complete a Ph.D., M.D., law degree, or other high level professional degree Complete a Ph.D., M.D., law degree, or other high level professional degree Don't know",Academic performance/preparation
36,S2SONTIME,0.03233148116714981,How often [do/did] you do these things in [science course title]? You [turn/turned] in your assignments and projects on time. 1=Never 2=Less than half of the time 3=Half of the time 4=More than half of the time 5=Always,Behavioral/psychological factors
37,S1ABILITYBA,0.03179662105729624,"Whatever your plans, do you think you have the ability to complete a Bachelor's degree? Definitely Probably Probably not Definitely not",Academic performance/preparation
38,S2ANYAP,0.030796199740667562,Have you taken any Advanced Placement (AP) courses? [Include any courses you are taking now.] 1=Yes 2=No 3=You don't know what an AP course is Administered To: All respondents.,Academic performance/preparation
39,S2JOBPLC,0.030778494035716423,How important to you [will/would] each of the following characteristics be when choosing a school or college to attend after high school? A good record of placing graduates in jobs 1=Very important 2=Somewhat important 3=Not at all important,Career interests and aspirations
40,P1VOLUNTEER,0.030496693845808224,"Since the beginning of this school year (2009-2010), have you or other adults in your household... served as a volunteer in [your 9th-grader]'s classroom or elsewhere in the school? Yes No",Academic performance/preparation
41,S1FAVSUBJ,0.03010280386633658,"Not including lunch or study periods, what is your favorite school subject? English Foreign Language Science Art Music Mathematics Physical Education or Gym Religion Health Education Computer Education or Computer Science Social Studies, History, Government, or Civics Career preparation class such as health professions, business, or culinary arts Other",Career interests and aspirations
42,X3THIMATH,0.029981341136282993,"Highest Mathematics course, which is the first two digits of the course SCED code: 02.",Academic performance/preparation
43,S2ALG1GRADE,0.029809521807158967,What was your final grade in Algebra I? 1=A (between 90-100) 2=B (between 80-89) 3=C (between 70-79) 4=D (between 60-69) 5=Below D (anything less than 60) 6=Your class was not graded 7=You haven't completed the course yet Administered To: Respondents who took Algebra I.,Academic performance/preparation
44,S2MENJOYS,0.0297894144663322,Why [are/were] you taking [math course title] ? Would you say you [are/were] taking it because... you really enjoy math? 1=Yes 0=No,Academic performance/preparation
45,S2STUDYMORE,0.029204195927679824,Do you think you would [earn/have earned] higher grades if you [had] spent more time studying? 1=Yes 0=No Administered To: All respondents,Academic performance/preparation
46,S2MCLGSUCC,0.028869332621066265,Why [are/were] you taking [math course title] ? Would you say you [are/were] taking it because... you will need it to succeed in college? 1=Yes 0=No,Academic performance/preparation
47,X2S2SSPR12,0.028843317012628763,Distinguishes science from computer science/tech class(es) by evaluating responses across the series of D23 items.,Demographic/SES controls
48,S2HIGHGRADES,0.028723103847675468,Which of the following are reasons you [do not/did not] spend more time studying? Your grades [are/were] already high. 1=Yes 0=No Administered To: Respondents who thought they could earn better grades by spending more time studying.,Academic performance/preparation
49,S2CANTAFFORD,0.028591525292828525,"How much do you agree or disagree with the following statements? Even if you get accepted to college, your family cannot afford to send you. 1=Strongly agree 2=Agree 3=Disagree 4=Strongly disagree",Demographic/SES controls
50,X3THIOTHSCI,0.028443342253720087,"Highest Other Science course, which is the first two digits of the course SCED code: 03.",Academic performance/preparation
51,X2TXMSCR,0.028353117570265204,The math IRT-estimated number correct is a criterion-referenced measure at the time of the First Follow-up assessment. The criterion is the set of skills defined by both the HSLS:09 Base Year and First Follow-up framework and represented by the 118 items used to score HSLS:09 First Follow-up math assessment. The estimated number correct for math is an estimate of the number of items students would have answered correctly had they responded to all 118 items in the item pool. The ability estimates (Thetas) from the First Follow-up and item parameters derived from the IRT calibration were used to calculate each student's probability of a correct answer for each of the items in the pool. These probabilities are summed to produce the IRT-estimated number-correct scale score. See Chapter 2 of the HSLS:09 F1 Data File Documentation (NCES 2014-361) for more information on the derivation of the math estimate number correct. Mean Std Deviation Category Min Max Unweighted Unweighted ------------------- ------------------- ------------------- ------------------- ------------------- Continuous -8.0000 115.1000 57.9116 30.6156,Academic performance/preparation
52,S2SSTOPTRYING,0.02784555824000184,"How often [do/did] you do these things in [science course title]? When an assignment [is/was] very difficult, you [stop/stopped] trying. 1=Never 2=Less than half of the time 3=Half of the time 4=More than half of the time 5=Always",Behavioral/psychological factors
53,S1MUNDERST,0.027735392478929644,"When you are working on a math assignment, how often do you think you really understand the assignment? Never Rarely Sometimes Often",Academic performance/preparation
54,S2SBORING,0.027719864950262685,How much do you agree or disagree with the following statements about [science course title/science]? [You [think/thought] this class [is/was] boring./You think science classes are boring.] 1=Strongly agree 2=Agree 3=Disagree 4=Strongly disagree,Academic performance/preparation
55,S1ACT,0.027200262052419835,Have you taken or are you planning to take... American College Testing Service (ACT) test? No Yes You haven't decided yet You don't know what this is,Academic performance/preparation
56,X2MTHUTI,0.027054998276636554,"This variable is a scale of the sample member's perception of the utility of mathematics; higher values represent perceptions of greater mathematics utility. Variable was created through principal components factor analysis (weighted by W2STUDENT) and standardized to a mean of 0 and standard deviation of 1. The inputs to this scale were S2MUSELIFE, S2MUSECLG, and S2MUSEJOB. Only respondents who provided a full set of responses were assigned a scale value. The coefficient of reliability (alpha) for the scale is .65 or higher. For more information on this scale score, please see chapter 5 of the F1 Data File Documentation (NCES 2014-361). Mean Std Deviation Category Min Max Unweighted Unweighted ------------------- ------------------- ------------------- ------------------- ------------------- Continuous -9.00 1.21 -1.23 3.07",Career interests and aspirations
57,S2MTCHEASY,0.02694078896291021,"How much do you agree or disagree with the following statements about your teacher for [math course title]? Remember, none of your teachers or your principal will see any of the answers you provide. Your teacher... [makes/made] math easy to understand. 1=Strongly agree 2=Agree 3=Disagree 4=Strongly disagree",Academic performance/preparation
58,S2PAYOFF,0.026820659857320853,How much do you agree or disagree with the following statements? Studying in high school rarely pays off later with good jobs. 1=Strongly agree 2=Agree 3=Disagree 4=Strongly disagree Administered To: All respondents Crossround Note: This variable is a repeat of the BY variable S1PAYOFF.,Career interests and aspirations
59,S1SEX,0.026817851339105657,What is your sex? Male Female,Demographic/SES controls
60,S1SPERSON1,0.026372611786551026,How much do you agree or disagree with the following statements? You see yourself as a science person Strongly agree Agree Disagree Strongly disagree,Skills and self-efficacy
61,S2MASSEXCL,0.026138964768798248,How much do you agree or disagree with the following statements about [math course title]/math]? [You [are/were] confident that you [can/could] do an excellent job on assignments in this course. /You are confident that you can do an excellent job on math assignments.] 1=Strongly agree 2=Agree 3=Disagree 4=Strongly disagree,Academic performance/preparation
62,S2SCLGSUCC,0.02604813502066825,Why [are/were] you taking [science course title] ? Would you say you [are/were] taking it because... you will need it to succeed in college? 1=Yes 0=No,Academic performance/preparation
63,X3T1CREDCALC,0.025786333498362235,"Indicates at least one Carnegie unit in Calculus, which is the course SCED code(s): 02121, 02122, 02123, 02126. A Carnegie unit is equivalent to a one-year academic course taken one period a day, five days a week.",Academic performance/preparation
64,S1SUSEJOB,0.025268504896135767,How much do you agree or disagree with the following statements about the usefulness of your [fall 2009 science] course? What students learn in this course... will be useful for a future career. Strongly agree Agree Disagree Strongly disagree,Career interests and aspirations
65,X1SCIID,0.02503254123817953,"This variable is a scale of the sample member's science identity. Sample members who tend to agree with the statements ""You see yourself as a science person"" and/or ""Others see me as a science person"" will have higher values for X1SCIID. Variable was created through principal components factor analysis (weighted by W1STUDENT) and standardized to a mean of 0 and standard deviation of 1. The inputs to this scale were S1SPERSON1 and S1SPERSON2. Only respondents who provided a full set of responses were assigned a scale value. The coefficient of reliability (alpha) for the scale is .65 or higher. For more information on this scale score, please see chapter 5 of the Base-Year Data File Documentation (NCES 2011-328). Mean Std Deviation Category Min Max Unweighted Unweighted ------------------- ------------------- ------------------- ------------------- ------------------- Continuous -9.00 2.15 -0.79 2.66",Skills and self-efficacy
66,S1BIO1S09,0.02470619484986629,"What science course(s) are you currently taking this fall? [What science course(s) were you taking in the fall (2009)?] (Check all that apply.) Biology I Earth Science Physical Science Environmental Science Physics I Integrated Science I Chemistry I Integrated Science II or above Anatomy or Physiology Advanced Biology such as Biology II, AP, or IB Advanced Chemistry such as Chemistry II, AP, or IB General Science Principles of Technology Life Science Advanced Physics such as Physics II, AP or IB Other earth or environmental sciences such as ecology, geology, oceanography, or meteorology Other biological sciences such as botany, marine biology, or zoology Other physical sciences such as astronomy or electronics Other science course",Academic performance/preparation
67,S2FAMILYWENT,0.024496582963335536,How important to you [will/would] each of the following characteristics be when choosing a school or college to attend after high school? A family member went there 1=Very important 2=Somewhat important 3=Not at all important,Demographic/SES controls
68,X3T1CREDPHYS,0.02437564595320554,"Indicates at least one Carnegie unit in Physics, which is the course SCED code(s): 03151, 03161, 03153, 03162, 03197, 03198, 03199, 03152, 03155, 03156, 03157, 03160, 03163, 03164, 03165, 03166. A Carnegie unit is equivalent to a one-year academic course taken one period a day, five days a week.",Academic performance/preparation
69,S1M8,0.024295801228049533,"What math course did you take in the 8th grade? If you took more than one math course, please choose your most advanced or most difficult course. Math 8 Advanced or Honors Math 8 not including Algebra Pre-algebra Algebra I including IA and IB Algebra II or Trigonometry Geometry Integrated Math Other advanced math course such as pre-calculus or calculus Other math ""Other adv math course, pre-calculus"" recoded as ""Other math course"" on the public use file.",Academic performance/preparation
70,S1M8GRADE,0.024016716579062635,"What was your final grade in this math course? (If your school uses numerical grades only, please answer in terms of the letter equivalent. If you don't know the equivalent, assume that... 90 to 100 is an ""A"", 80 to 89 is a ""B"", 70 to 79 is a ""C"", 60 to 69 is a ""D"", and anything less than 60 is ""below D"") A B C D Below D Your class was not graded",Academic performance/preparation
71,S2MENJOYING,0.023367639070280867,How much do you agree or disagree with the following statements about [math course title]/math]? [You [are enjoying/enjoyed] this class very much./You enjoy math classes very much.] 1=Strongly agree 2=Agree 3=Disagree 4=Strongly disagree,Academic performance/preparation
72,S2SASSIGNED,0.023347505631882263,Why [are/were] you taking [science course title] ? Would you say you [are/were] taking it because... it was assigned to you? 1=Yes 0=No,Academic performance/preparation
73,X2SES3_U,0.02324334248869025,"This variable contains the imputed values (3 of 5) for X2SES_U, generated through a multiple imputation model, for responding students without a responding parent/guardian. X2SES_U is the mean of X2SES1_U-X2SES5_U. Mean Std Deviation Category Min Max Unweighted Unweighted ------------------- ------------------- ------------------- ------------------- ------------------- Continuous -8.0000 2.7097 -0.8073 2.6333",Demographic/SES controls
74,X2FAMINCOME,0.023181586107047316,"X2FAMINCOME is a categorical variable which indicates the sample member's family income from all sources in 2011, as reported by the parent questionnaire respondent. If missing from the parent questionnaire, X2FAMINCOME is statistically imputed (imputed values in X2FAMINCOME can be identified by using X2FAMINC_IM=2).",Demographic/SES controls
75,S2MCHALLENGE,0.023005872217817313,Why [are/were] you taking [math course title] ? Would you say you [are/were] taking it because... you like to be challenged? 1=Yes 0=No,Academic performance/preparation
76,S1MYRS,0.022771315304530835,"Including this year, how many years of math do you expect to take during high school? One year Two years Three years Four or more years",Academic performance/preparation
77,P1HONORS,0.022498486605253745,Is [your 9th-grader] currently enrolled in any honors classes? Yes No,Academic performance/preparation
78,S1APS,0.022224269539065023,Do you plan to enroll in... an Advanced Placement (AP) science course? Yes No You haven't decided yet You don't know what this is,Academic performance/preparation
79,X3T1CREDPREC,0.0221321193121258,"Indicates at least one Carnegie unit in Analysis/Pre-Calculus, which is the course SCED code(s): 02110, 02132. A Carnegie unit is equivalent to a one-year academic course taken one period a day, five days a week.",Academic performance/preparation
80,X2RACE,0.02209765560276916,"X2RACE characterizes the sample member's race/ethnicity by summarizing the following six dichotomous race/ethnicity composites: X2HISPANIC, X2WHITE, X2BLACK, X2ASIAN, X2PACISLE, and X2AMINDIAN. Each of these dichotomous composites is pulled from the base year composite when not imputed, otherwise it is based on data from the F1 student questionnaire; if still missing, they are based on the presence of the race/ethnicity from the F1 parent questionnaire (if parent questionnaire data includes race/ethnicity information for biological parents). X2RACE is derived from the six dichotomous race/ethnicity variables listed above (though the imputed values of X2WHITE, X2BLACK, X2ASIAN, X2PACISLE, and X2AMINDIAN are not stored on the data file). If any of these input variables are imputed, then the imputation flag for X2RACE (X2RACE _IM) is set (1=imputed in BY, 2=imputed in F1).",Demographic/SES controls
81,P1HOURS2,0.021886526804825633,"About how many total hours per week does [does/did] [parent #2] usually work for pay or income, counting all jobs?",Demographic/SES controls
82,S1APCALC,0.021641425081797814,Do you plan to enroll in... an Advanced Placement (AP) calculus course? Yes No You haven't decided yet You don't know what this is,Academic performance/preparation
83,X3THISCI,0.021616693202468416,"Highest Science course, which is the first two digits of the course SCED code: 03.",Academic performance/preparation
84,X2MEFFORT,0.02151155073535498,"This variable is a scale of the students answers math effort. Higher values represent more positive assessments of the school's problems. Variable was created through principal components factor analysis and standardized to a mean of 0 and standard deviation of 1. The inputs to this scale were S2MATTENTION, S2MONTIME, S2MSTOPTRYING, S2MGETBY. If the student indicated that he or she was not taking a fall math class, this variable is set to -7. Mean Std Deviation Category Min Max Unweighted Unweighted ------------------- ------------------- ------------------- ------------------- ------------------- Continuous -9.00 1.18 -2.07 3.57",Behavioral/psychological factors
85,S1S8GRADE,0.02142091473686986,"What was your final grade in this science course? (If your school uses numerical grades only, please answer in terms of the letter equivalent. If you don't know the equivalent, assume that... 90 to 100 is an ""A"", 80 to 89 is a ""B"", 70 to 79 is a ""C"", 60 to 69 is a ""D"", and anything less than 60 is ""below D"") A B C D Below D Your class was not graded",Academic performance/preparation
86,S1FRNDTLKJOB,0.02131145606593669,"Since the beginning of the last school year (2008-2009), which of the following people have you talked with about possible jobs or careers when you are an adult? (Check all that apply.) Your mother or female guardian Your father or male guardian Your friends A favorite teacher A school counselor None of these people",Career interests and aspirations
87,P1EDUEXPECT,0.02108293694887799,"As things stand now, how far in school do you think [he/she] will actually get? Less than high school High school diploma or GED Start but not complete an Associate's degree Complete an Associate's degree Start but not complete a Bachelor's degree Complete a Bachelor's degree Start but not complete a Master's degree Complete a Master's degree Start but not complete a Ph.D., M.D., law degree, or other high level professional degree Complete a Ph.D., M.D., law degree, or other high level professional degree Don't know",Academic performance/preparation
88,S1MREASGOOD,0.020967771992274318,"What are the reasons you plan to take more math courses during high school? (Check all that apply.) Taking more math courses is required to graduate Your parents will want you to Your teachers will want you to Your school counselor will want you to You are good at math You will need a lot of math courses for the type of career you want Most students who are like you take a lot of math courses You enjoy studying math Taking more math courses will be useful for getting into college Taking more math courses will be useful in college Your friends are going to take more math courses Some other reason You don't know why, you just probably will",Career interests and aspirations
89,S1LANG1ST,0.020916844837697884,What was the first language you learned to speak when you were a child? Was it... English Spanish Another language English and Spanish equally or English and another language equally?,Academic performance/preparation
90,S1MOMTALKOTH,0.020663742151810268,"Since the beginning of the last school year (2008-2009), which of the following people have you talked with about which courses to take this year other than math and science courses? (Check all that apply.) Your mother or female guardian Your father or male guardian Your friends A favorite teacher A school counselor None of these people",Academic performance/preparation
91,S1IBCALC,0.02061150797175657,Do you plan to enroll in... an International Baccalaureate (IB) calculus course? Yes No You haven't decided yet You don't know what this is,Academic performance/preparation
92,S1NOHWDN,0.020442018803575983,How often do you... go to class without your homework done? Never Rarely Sometimes Often,Behavioral/psychological factors
93,S2SENJOYING,0.02043347825032934,How much do you agree or disagree with the following statements about [science course title/science]? [You [are enjoying/enjoyed] this class very much./You enjoy science classes very much.] 1=Strongly agree 2=Agree 3=Disagree 4=Strongly disagree,Academic performance/preparation
94,S1DADTALKPRB,0.020343183235138163,"Since the beginning of the last school year (2008-2009), which of the following people have you talked with about personal problems? (Check all that apply.) Your mother or female guardian Your father or male guardian Your friends A favorite teacher A school counselor None of these people",Academic performance/preparation
95,X3THIMATH9,0.020085748985486037,"Highest Mathematics course taken in Ninth grade, which is the first two digits of the course SCED code: 02.",Academic performance/preparation
96,S1MTEXTBOOK,0.020076547725422236,How much do you agree or disagree with the following statements about your [fall 2009 math] course? You are certain that you can understand the most difficult material presented in the textbook used in this course Strongly agree Agree Disagree Strongly disagree,Academic performance/preparation
97,S1GETINTOCLG,0.020011388323356586,"How much do you agree or disagree with the following statements? Even if you study, you will not be able to get into college Strongly agree Agree Disagree Strongly disagree",Academic performance/preparation
98,S2HANGOUT,0.01983173764616895,Which of the following are reasons you [do not/did not] spend more time studying? You [want to /wanted to] hang out with your friends instead. 1=Yes 0=No Administered To: Respondents who thought they could earn better grades by spending more time studying.,Academic performance/preparation
99,S1FRNDTLKCLG,0.019678300564539394,"Since the beginning of the last school year (2008-2009), which of the following people have you talked with about going to college? (Check all that apply.) Your mother or female guardian Your father or male guardian Your friends A favorite teacher A school counselor None of these people",Academic performance/preparation
100,S1DADTALKS,0.019316784082003637,"Since the beginning of the last school year (2008-2009), which of the following people have you talked with about which science courses to take this year? (Check all that apply.) Your mother or female guardian Your father or male guardian Your friends A favorite teacher A school counselor None of these people",Academic performance/preparation
101,S1FRNDTLKOTH,0.019278247263665546,"Since the beginning of the last school year (2008-2009), which of the following people have you talked with about which courses to take this year other than math and science courses? (Check all that apply.) Your mother or female guardian Your father or male guardian Your friends A favorite teacher A school counselor None of these people",Academic performance/preparation
102,S2SHSREQ,0.019191512327395254,"Why [are/were] you taking [science course title] ? Would you say you [are/were] taking it because... you had no choice, it is a high school requirement? 1=Yes 0=No",Academic performance/preparation
103,S2MWASTE,0.018998687543982363,How much do you agree or disagree with the following statements about [math course title]/math]? [You [think/thought] this class [is/was] a waste of your time. /You think math classes are a waste of your time.] 1=Strongly agree 2=Agree 3=Disagree 4=Strongly disagree,Academic performance/preparation
104,X2TXMPROF3,0.018909339611542363,"The math proficiency probability scores are criterion-referenced and are based on clusters of items that mark seven levels on the mathematics scale developed in the HSLS:09 first follow-up. The levels are hierarchical in the sense that mastery of a higher level typically implies proficiency at the lower levels. The HSLS:09 first follow-up proficiency probabilities were computed using IRT-estimated item parameters. Each proficiency probability represents the probability that a student would pass a given proficiency level. Clusters of four items were identified that marked mathematics level 3: algebraic equivalents. Students able to answer questions such as these have an understanding of algebraic equivalents and can link equivalent tabular and symbolic representations of linear equations, identify equivalent lines and find the sum of variable expressions. See Chapter 2 of the HSLS:09 F1 Data File Documentation (NCES 2014-361) for more information on the derivation of the math proficiency probability scores. Mean Std Deviation Category Min Max Unweighted Unweighted ------------------- ------------------- ------------------- ------------------- ------------------- Continuous -8.0000 1.0000 -0.3884 2.8804",Academic performance/preparation
105,S1FRNDSCHOOL,0.018835628032915188,"As far as you know, are the following statements true or false for your closest friend? Your closest friend... is interested in school. True False",Academic performance/preparation
106,P1SHOW,0.0185103432619782,"During the last 12 months, which of the following activities have you or another family member done with [your 9th-grader]? (Check all that apply.) Visited a zoo, planetarium, natural history museum, transportation museum, or a similar museum Worked or played on a computer together Built or fixed something such as a vehicle or appliance Attended a school science fair Helped [your 9th-grader] with a school science fair project Discussed a program or article about math, science, or technology Visited a library Gone to a play, concert, or other live show None of these",Academic performance/preparation
107,S2MTEXTBOOK,0.01849322746158614,How much do you agree or disagree with the following statements about [math course title]/math]? [You [are/were] certain that you [can/could] understand the most difficult material presented in the textbook used in this course./ You are certain that you can understand the most difficult material presented in math textbooks.] 1=Strongly agree 2=Agree 3=Disagree 4=Strongly disagree,Academic performance/preparation
108,S1DADTALKOTH,0.018365694041376703,"Since the beginning of the last school year (2008-2009), which of the following people have you talked with about which courses to take this year other than math and science courses? (Check all that apply.) Your mother or female guardian Your father or male guardian Your friends A favorite teacher A school counselor None of these people",Academic performance/preparation
109,S2MHSREQ,0.018283049072311357,"Why [are/were] you taking [math course title] ? Would you say you [are/were] taking it because... you had no choice, it is a high school requirement? 1=Yes 0=No",Academic performance/preparation
110,S2MSTOPTRYING,0.01821120595058274,"How often [do/did] you do these things in [math course title]? When an assignment [is/was] very difficult, you [stop/stopped] trying. 1=Never 2=Less than half of the time 3=Half of the time 4=More than half of the time 5=Always",Behavioral/psychological factors
111,X1PAR2EDU,0.01816867531488072,"Indicates the highest level of education achieved by ""parent #2""; ""parent #2"" is the parent to whom all ""parent #2"" variables (e.g., X1P2RELATION, X1PAR2EMP, P1YRBORN2, P1USYR2, etc.) refer. X1PAR2EDU is taken from the base year parent questionnaire; if missing from the base year parent questionnaire, X1PAR2EDU is statistically imputed for cases with a completed parent interview (imputed values in X1PAR2EDU can be identified using X1PAR2EDU_IM). ""Educational Specialist diploma"" recoded as ""Master's degree"" on the public use file.",Demographic/SES controls
112,S1SSKILLS,0.0179019190113736,How much do you agree or disagree with the following statements about your [fall 2009 science] course? You are certain you can master the skills being taught in this course Strongly agree Agree Disagree Strongly disagree,Academic performance/preparation
113,X2TXMTH1,0.01788561057422567,"Mathematics theta score multiple imputation value (1 of 5). When the math test data were missing for student survey respondents, the math theta score was imputed with multiple imputation technique, with 5 imputed values. X2TXMTH is the mean of X2TXMTH1-5. The theta score provides a norm-referenced measurement of achievement, that is, an estimate of achievement relative to the population (fall 2009 9th graders) as a whole. It provides information on status compared to peers (as distinguished from the IRT-estimated scale score which represents status with respect to achievement on a particular criterion set of test items). The associated theta score is X2TXMTH. The standardized form of the theta score is X2TXMTSCOR. Mean Std Deviation Category Min Max Unweighted Unweighted ------------------- ------------------- ------------------- ------------------- ------------------- Continuous -8.0000 4.8399 -0.3625 3.0735",Academic performance/preparation
114,X3THICHEM,0.017821255026496605,"Highest Chemistry course, which is the first two digits of the course SCED code: 03.",Academic performance/preparation
115,S1MREASUSE,0.017724185857661293,"What are the reasons you plan to take more math courses during high school? (Check all that apply.) Taking more math courses is required to graduate Your parents will want you to Your teachers will want you to Your school counselor will want you to You are good at math You will need a lot of math courses for the type of career you want Most students who are like you take a lot of math courses You enjoy studying math Taking more math courses will be useful for getting into college Taking more math courses will be useful in college Your friends are going to take more math courses Some other reason You don't know why, you just probably will",Career interests and aspirations
116,X3TWHENALG1,0.0176648683885041,Indicates the grade level the student took Algebra I.,Academic performance/preparation
117,S1MOMTALKS,0.017430548899021667,"Since the beginning of the last school year (2008-2009), which of the following people have you talked with about which science courses to take this year? (Check all that apply.) Your mother or female guardian Your father or male guardian Your friends A favorite teacher A school counselor None of these people",Academic performance/preparation
118,S1LEASTSUBJ,0.01740774321616441,"Not including lunch or study periods, what is your least favorite school subject? English Foreign Language Science Art Music Mathematics Physical Education or Gym Religion Health Education Computer Education or Computer Science Social Studies, History, Government, or Civics Career preparation class such as health professions, business, or culinary arts Other",Career interests and aspirations
119,S2MPARREC,0.017377965837791345,Why [are/were] you taking [math course title] ? Would you say you [are/were] taking it because... your parents encouraged you to take it? 1=Yes 0=No,Academic performance/preparation
120,S2ALG2M12,0.017313916112672897,What math course or courses [are you currently taking/were you taking during the spring term of 2012]? Algebra II 0=No 1=Yes,Academic performance/preparation
121,C1CLUSTER,0.01726273144607129,"Are Career Clusters, Pathways, or Programs of Study (POS) offered to students in [your school]? Yes No",Career interests and aspirations
122,P1FIXED,0.017181774079851306,"During the last 12 months, which of the following activities have you or another family member done with [your 9th-grader]? (Check all that apply.) Visited a zoo, planetarium, natural history museum, transportation museum, or a similar museum Worked or played on a computer together Built or fixed something such as a vehicle or appliance Attended a school science fair Helped [your 9th-grader] with a school science fair project Discussed a program or article about math, science, or technology Visited a library Gone to a play, concert, or other live show None of these",Academic performance/preparation
123,S1FRNDTLKPRB,0.017131304997077646,"Since the beginning of the last school year (2008-2009), which of the following people have you talked with about personal problems? (Check all that apply.) Your mother or female guardian Your father or male guardian Your friends A favorite teacher A school counselor None of these people",Academic performance/preparation
124,S1ALG1M09,0.017020945220764302,"What math course(s) are you currently taking this fall? [What math course(s) were you taking in the fall (2009)?] (Check all that apply.) Algebra I including IA and IB Geometry Algebra II Trigonometry Review or Remedial Math including Basic, Business, Consumer, Functional or General math Integrated Math I Statistics or Probability Integrated Math II or above Pre-algebra Analytic Geometry Other advanced math course such as pre-calculus or calculus Other math course",Academic performance/preparation
125,S2CHEM1S12,0.017019603067988734,"What science, computer science, or engineering course or courses are you currently taking?/What science, computer science or engineering course or courses were you taking during the spring term of 2012? Chemistry I 0=No 1=Yes",Academic performance/preparation
126,S1AP,0.01690229655572029,Have you taken or are you planning to take... an Advanced Placement (AP) test? No Yes You haven't decided yet You don't know what this is,Academic performance/preparation
127,S1MTESTS,0.01682029757505438,How much do you agree or disagree with the following statements about your [fall 2009 math] course? You are confident that you can do an excellent job on tests in this course Strongly agree Agree Disagree Strongly disagree,Academic performance/preparation
128,X1FAMINCOME,0.016786313309981406,"X1FAMINCOME is a categorical variable which indicates the sample member's family income from all sources in 2008, as reported by the parent questionnaire respondent. If missing from the parent questionnaire, X1FAMINCOME is statistically imputed (imputed values in X1FAMINCOME can be identified by using X1FAMINC_IM).",Demographic/SES controls
129,S1MREASJOB,0.016704270703008475,"What are the reasons you plan to take more math courses during high school? (Check all that apply.) Taking more math courses is required to graduate Your parents will want you to Your teachers will want you to Your school counselor will want you to You are good at math You will need a lot of math courses for the type of career you want Most students who are like you take a lot of math courses You enjoy studying math Taking more math courses will be useful for getting into college Taking more math courses will be useful in college Your friends are going to take more math courses Some other reason You don't know why, you just probably will",Career interests and aspirations
130,S1FRNDTALKS,0.016700743547770104,"Since the beginning of the last school year (2008-2009), which of the following people have you talked with about which science courses to take this year? (Check all that apply.) Your mother or female guardian Your father or male guardian Your friends A favorite teacher A school counselor None of these people",Academic performance/preparation
131,X2SES4_U,0.01667295274745851,"This variable contains the imputed values (4 of 5) for X2SES_U, generated through a multiple imputation model, for responding students without a responding parent/guardian. X2SES_U is the mean of X2SES1_U-X2SES5_U. Mean Std Deviation Category Min Max Unweighted Unweighted ------------------- ------------------- ------------------- ------------------- ------------------- Continuous -8.0000 3.1045 -0.8185 2.6297",Demographic/SES controls
132,S1FYTRAVEL,0.016658086632656242,What do you plan to do during your first year after high school? (Check all that apply.) Enroll in an Associate's degree program in a two-year community college or technical institute Enroll in a Bachelor's degree program in a college or university Obtain a license or certificate in a career field Attend a registered apprenticeship program Join the armed services Get a job Start a family Travel Do volunteer or missionary work Not sure what you want to do,Career interests and aspirations
133,S2SWASTE,0.01642617497563563,How much do you agree or disagree with the following statements about [science course title/science]? [You [think/thought] this class [is/was] a waste of your time. /You think science classes are a waste of your time.] 1=Strongly agree 2=Agree 3=Disagree 4=Strongly disagree,Academic performance/preparation
134,X1WHITE,0.016416642171727915,"The sample member's race/ethnicity is characterized by a series of six dichotomous composite variables (the student is/is not white, the student is/is not black, etc.). The six dichotomous composite race/ethnicity variables are X1HISPANIC, X1WHITE, X1BLACK, X1ASIAN, X1PACISLE, and X1AMINDIAN. Each of these dichotomous composites is based on data from the student questionnaire; if missing from the student questionnaire, they are based on the presence of the race/ethnicity from the school-provided sampling roster; if still missing, they are based on the presence of the race/ethnicity from the parent questionnaire (if parent questionnaire data includes race/ethnicity information for biological parents) ; if still missing, they are based on the presence of another race/ethnicity on the school-provided sampling roster (to set values to ""No""). The six dichotomous race/ethnicity composites are then used in conjunction to produce the summary race/ethnicity composite X1RACE.",Demographic/SES controls
135,S1SREASUSE,0.016411938883761464,"What are the reasons you plan to take more science courses during high school? (Check all that apply.) Taking more science courses is required to graduate Your parents will want you to Your teachers will want you to Your school counselor will want you to You are good at science You will need a lot of science courses for the type of career you want Most students who are like you take a lot of science courses You enjoy studying science Taking more science courses will be useful for getting into college Taking more science courses will be useful in college Your friends are going to take more science courses Some other reason You don't know why, you just probably will",Career interests and aspirations
136,S2MATTENTION,0.016270606005191948,How often [do/did] you do these things in [math course title]? You [pay/paid] attention to the teacher. 1=Never 2=Less than half of the time 3=Half of the time 4=More than half of the time 5=Always,Behavioral/psychological factors
137,X1PAR1EDU,0.016150381774148917,"Indicates the highest level of education achieved by ""parent #1""; ""parent #1"" is the parent to whom all ""parent #1"" variables (e.g., X1P1RELATION, X1PAR1EMP, P1YRBORN1, P1USYR1, etc.) refer. X1PAR1EDU is taken from the base year parent questionnaire; if missing from the base year parent questionnaire, X1PAR1EDU is statistically imputed for cases with a completed parent interview (imputed values in X1PAR1EDU can be identified using X1PAR1EDU_IM). ""Educational Specialist diploma"" recoded as ""Master's degree"" on the public use file.",Demographic/SES controls
138,S1SAT,0.01611498803971802,Have you taken or are you planning to take... the SAT? No Yes You haven't decided yet You don't know what this is,Academic performance/preparation
139,P1SCHEVENT,0.01607756553298255,"Since the beginning of this school year (2009-2010), have you or other adults in your household... attended a school or class event such as a play, dance, sports event or science fair because of [your 9th-grader]? Yes No",Academic performance/preparation
140,S2SGETBY,0.016075031333831338,How often [do/did] you do these things in [science course title]? You [do/did] as little work as possible; you just [want/wanted] to get by. 1=Never 2=Less than half of the time 3=Half of the time 4=More than half of the time 5=Always,Behavioral/psychological factors
141,S2MGETBY,0.01604288785990686,How often [do/did] you do these things in [math course title]? You [do/did] as little work as possible; you just [want/wanted] to get by. 1=Never 2=Less than half of the time 3=Half of the time 4=More than half of the time 5=Always,Behavioral/psychological factors
142,S1SPERSON2,0.016012807925150314,How much do you agree or disagree with the following statements? Others see you as a science person Strongly agree Agree Disagree Strongly disagree,Academic performance/preparation
143,S1BIRTHYR,0.015924336427916214,What is your year of birth? Years earlier than 1992 recoded to 1992 or earlier and years later than 1996 recoded to 1996 or later on the public use file.,Academic performance/preparation
144,S2MTCHTHINK,0.015788562339588294,"How much do you agree or disagree with the following statements about your teacher for [math course title]? Remember, none of your teachers or your principal will see any of the answers you provide. Your teacher... [wants/wanted] students to think, not just memorize things. 1=Strongly agree 2=Agree 3=Disagree 4=Strongly disagree",Academic performance/preparation
145,S1SWASTE,0.015654225451197552,How much do you agree or disagree with the following statements about your [fall 2009 science] course? You think this class is a waste of your time Strongly agree Agree Disagree Strongly disagree,Academic performance/preparation
146,S1MSKILLS,0.015406658389455293,How much do you agree or disagree with the following statements about your [fall 2009 math] course? You are certain that you can master the skills being taught in this course Strongly agree Agree Disagree Strongly disagree,Academic performance/preparation
147,X2SEFFORT,0.01536287082911562,"This variable is a scale of the students answers science effort. Higher values represent more positive assessments of the school's problems. Variable was created through principal components factor analysis and standardized to a mean of 0 and standard deviation of 1. The inputs to this scale were S2SATTENTION, S2SONTIME, S2SSTOPTRYING, S2SGETBY. If the student indicated that he or she was not taking a fall science class, this variable is set to -7. Mean Std Deviation Category Min Max Unweighted Unweighted ------------------- ------------------- ------------------- ------------------- ------------------- Continuous -9.00 1.10 -2.59 3.74",Behavioral/psychological factors
148,S1STESTS,0.015359181079340773,How much do you agree or disagree with the following statements about your [fall 2009 science] course? You are confident that you can do an excellent job on tests in this course Strongly agree Agree Disagree Strongly disagree,Academic performance/preparation
149,X3T1CREDSTAT,0.015338208402895254,"Indicates at least one Carnegie unit in Statistics/Probability, which is the course SCED code(s): 02201, 02202, 02204, 02207, 02209. A Carnegie unit is equivalent to a one-year academic course taken one period a day, five days a week.",Academic performance/preparation
150,X1TXMTSCOR,0.015222123581463142,"The math standardized T score provides a norm-referenced measurement of achievement, that is, an estimate of achievement relative to the population (fall 2009 9th graders) as a whole. It provides information on status compared to peers (as distinguished from the IRT-estimated percent-correct score which represents status with respect to achievement on a particular criterion set of test items). The standardized T score is a transformation of the IRT theta (ability) estimate, rescaled to a mean of 50 and standard deviation of 10. An advantage of the standardized score over the raw theta score is that it facilitates comparisons in standard deviation units. See Chapter 2 of the HSLS:09 Base-Year Data File Documentation (NCES 2011-328) for more information on the derivation of the math T score. Mean Std Deviation Category Min Max Unweighted Unweighted ------------------- ------------------- ------------------- ------------------- ------------------- Continuous -8.0000 82.1876 45.9312 19.2860",Academic performance/preparation
151,X2DADREL,0.015219042253763405,"Indicates whether or not there is a biological, adoptive, or step father in the sample member's household identified in the first-followup parent questionnaire. For the few cases where there are multiple dads in the household, the priority is biological over adoptive and adoptive over step. X2DADREL is derived from two composite variables (X2P1RELATION and X2P2RELATION) which can contain imputed values; if either of these two input variables is imputed and the presence of a father in the household could not be determined from unimputed data, then the imputation flag for X2DADREL (X2DADREL_IM) is set to 2.",Demographic/SES controls
152,S2JOBTIME,0.01515634951226128,Which of the following are reasons you [do not/did not] spend more time studying? You [have/had] a job that [takes/took] too much time. 1=Yes 0=No Administered To: Respondents who thought they could earn better grades by spending more time studying.,Academic performance/preparation
153,X2SES2_U,0.015146406161285219,"This variable contains the imputed values (2 of 5) for X2SES_U, generated through a multiple imputation model, for responding students without a responding parent/guardian. X2SES_U is the mean of X2SES1_U-X2SES5_U. Mean Std Deviation Category Min Max Unweighted Unweighted ------------------- ------------------- ------------------- ------------------- ------------------- Continuous -8.0000 2.5175 -0.8126 2.6316",Demographic/SES controls
154,X3T1CREDTRIG,0.014750867698362867,"Indicates at least one Carnegie unit in Trigonometry, which is the course SCED code(s): 02103, 02105, 02106, 02107. A Carnegie unit is equivalent to a one-year academic course taken one period a day, five days a week.",Academic performance/preparation
155,S2SCNSLREC,0.014596197410291887,Why [are/were] you taking [science course title] ? Would you say you [are/were] taking it because... a high school counselor suggested you take it? 1=Yes 0=No,Academic performance/preparation
156,S1SUSELIFE,0.014485551970537613,How much do you agree or disagree with the following statements about the usefulness of your [fall 2009 science] course? What students learn in this course... is useful for everyday life. Strongly agree Agree Disagree Strongly disagree,Academic performance/preparation
157,X2BLACK,0.014460656899114337,"The sample member's race/ethnicity is characterized by a series of six dichotomous composite variables (the student is/is not white, the student is/is not black, etc.). The six dichotomous composite race/ethnicity variables are X2HISPANIC, X2WHITE, X2BLACK, X2ASIAN, X2PACISLE, and X2AMINDIAN. Each of these dichotomous composites is pulled from the base year composite when not imputed, otherwise it is based on data from the F1 student questionnaire; if still missing, they are based on the presence of the race/ethnicity from the F1 parent questionnaire (if parent questionnaire data includes race/ethnicity information for biological parents). The six dichotomous race/ethnicity composites are then used in conjunction to produce the summary race/ethnicity composite X2RACE.",Demographic/SES controls
158,S2STCHEASY,0.014383159243922116,"How much do you agree or disagree with the following statements about your teacher for [science course title]? Remember, none of your teachers or your principal will see any of the answers you provide. Your teacher... [makes/made] science easy to understand. 1=Strongly agree 2=Agree 3=Disagree 4=Strongly disagree",Academic performance/preparation
159,S1WORKING,0.014379601104353951,How much do you agree or disagree with the following statements? Working is more important for you than attending college Strongly agree Agree Disagree Strongly disagree,Academic performance/preparation
160,S2ALG1WHEN,0.014296200502889794,"What grade were you in when you took Algebra I? [(If you have taken it more than once, answer for your most recent course. If you are currently taking Algebra I, choose your current grade.) / (If you have taken it more than once, answer for your most recent course.)] 1=8th grade or earlier 2=9th grade 3=10th grade 4=11th grade 5=12th grade 6=You have not taken Algebra I yet Administered To: All respondents. ""12th grade"" recoced as ""11th or 12th grade"" on the public use file.",Academic performance/preparation
161,S1SENJOYING,0.014295105361916692,How much do you agree or disagree with the following statements about your [fall 2009 science] course? You are enjoying this class very much Strongly agree Agree Disagree Strongly disagree,Academic performance/preparation
162,S1MUSEJOB,0.014157438242999172,How much do you agree or disagree with the following statements about the usefulness of your [fall 2009 math] course? What students learn in this course... will be useful for a future career. Strongly agree Agree Disagree Strongly disagree,Career interests and aspirations
163,X1SCIEFF,0.014156074685272524,"This variable is a scale of the sample member's science self-efficacy; higher X1SCIEFF values represent higher science self-efficacy. Variable was created through principal components factor analysis (weighted by W1STUDENT) and standardized to a mean of 0 and standard deviation of 1. The inputs to this scale were S1STESTS, S1STEXTBOOK, S1SSKILLS, and S1SASSEXCL. Only respondents who provided a full set of responses were assigned a scale value. If the student indicated that he or she was not taking a fall science class, this variable is set to -7. The coefficient of reliability (alpha) for the scale is .65 or higher. For more information on this scale score, please see chapter 5 of the Base-Year Data File Documentation (NCES 2011-328). Mean Std Deviation Category Min Max Unweighted Unweighted ------------------- ------------------- ------------------- ------------------- ------------------- Continuous -9.00 1.83 -1.97 3.46",Skills and self-efficacy
164,S1IBSCI,0.014144044586444153,Do you plan to enroll in... an International Baccalaureate (IB) science course? Yes No You haven't decided yet You don't know what this is,Academic performance/preparation
165,X2SES4,0.014121875851597798,"This variable contains the imputed value (4 of 5) for X2SES, generated through a multiple imputation model, for responding students without a responding parent/guardian. X2SES is the mean of X2SES1-X2SES5. Mean Std Deviation Category Min Max Unweighted Unweighted ------------------- ------------------- ------------------- ------------------- ------------------- Continuous -8.0000 2.8154 -0.8022 2.6326",Demographic/SES controls
166,P1STEMDISC,0.014042232553122652,"During the last 12 months, which of the following activities have you or another family member done with [your 9th-grader]? (Check all that apply.) Visited a zoo, planetarium, natural history museum, transportation museum, or a similar museum Worked or played on a computer together Built or fixed something such as a vehicle or appliance Attended a school science fair Helped [your 9th-grader] with a school science fair project Discussed a program or article about math, science, or technology Visited a library Gone to a play, concert, or other live show None of these",Academic performance/preparation
167,X2SES1_U,0.013934396260895392,"This variable contains the imputed values (1 of 5) for X2SES_U, generated through a multiple imputation model, for responding students without a responding parent/guardian. X2SES_U is the mean of X2SES1_U-X2SES5_U. Mean Std Deviation Category Min Max Unweighted Unweighted ------------------- ------------------- ------------------- ------------------- ------------------- Continuous -8.0000 2.4426 -0.8210 2.6283",Demographic/SES controls
168,S2HIMATH12,0.013869792353103715,"Of the math courses you [are currently taking/were taking during the spring term of 2012], which [is/was] the most challenging? 1=Pre-Algebra 2=Algebra I, 1A or 1B 3=Algebra II 4=Algebra III 5=Geometry 6=Analytic Geometry 7=Trigonometry 8=Pre-calculus or Analysis and Functions 9=Advanced Placement (AP) Calculus AB or BC 10=Other Calculus 11=Advanced Placement (AP) Statistics or Probability 12=Other Statistics or Probability 13=Integrated Math I 14=Integrated Math II 15=Integrated Math III or above 16=International Baccalaureate (IB) mathematics standard level 17=International Baccalaureate (IB) mathematics higher level 18=Business, Consumer, General, Applied, Technical, Functional, or Review math 19=If S2MCRSE19SP is nonmissing fill [S2MCRSE19SP] else fill Other math course",Academic performance/preparation
169,S1SREASJOB,0.01384792478333891,"What are the reasons you plan to take more science courses during high school? (Check all that apply.) Taking more science courses is required to graduate Your parents will want you to Your teachers will want you to Your school counselor will want you to You are good at science You will need a lot of science courses for the type of career you want Most students who are like you take a lot of science courses You enjoy studying science Taking more science courses will be useful for getting into college Taking more science courses will be useful in college Your friends are going to take more science courses Some other reason You don't know why, you just probably will",Career interests and aspirations
170,S2MBORING,0.013818681564806317,How much do you agree or disagree with the following statements about [math course title]/math]? [You [think/thought] this class [is/was] boring./You think math classes are boring.] 1=Strongly agree 2=Agree 3=Disagree 4=Strongly disagree,Academic performance/preparation
171,S2MASSIGNED,0.01372336467497029,Why [are/were] you taking [math course title] ? Would you say you [are/were] taking it because... it was assigned to you? 1=Yes 0=No,Academic performance/preparation
172,S2SFRIEND,0.013706028720261871,Why [are/were] you taking [science course title] ? Would you say you [are/were] taking it because... your friends were taking it? 1=Yes 0=No,Academic performance/preparation
173,S1DADTALKCLG,0.013480252770550745,"Since the beginning of the last school year (2008-2009), which of the following people have you talked with about going to college? (Check all that apply.) Your mother or female guardian Your father or male guardian Your friends A favorite teacher A school counselor None of these people",Academic performance/preparation
174,S1GOODGRADES,0.01346304532374887,How much do you agree or disagree with the following statements about your current school? Getting good grades in school is important to you Strongly agree Agree Disagree Strongly disagree,Academic performance/preparation
175,S2ACADEMIC,0.01328814292717108,"Since the fall of 2009, have you participated in any of the following activities outside of school? Academic instruction outside of school such as from a Saturday Academy, learning center, personal tutor or summer school program 1=Yes 0=No Administered To: All respondents",Academic performance/preparation
176,X3T1CREDALG2,0.013283291409799891,"Indicates at least one Carnegie unit in Algebra 2, which is the course SCED code(s): 02141, 02055, 02056, 02058. A Carnegie unit is equivalent to a one-year academic course taken one period a day, five days a week.",Academic performance/preparation
177,S1MCHALLENGE,0.013160084074530521,"Why are you taking [fall 2009 math course] ? [If late December or later add: (If you are no longer taking this course, think back to the fall when you answer this question and the questions that follow.)] (Check all that appply.) You really enjoy math You like to be challenged You had no choice, it is a school requirement The school counselor suggested you take it Your parent(s) encouraged you to take it A teacher encouraged you to take it There were no other math courses offered You will need it to get into college You will need it to succeed in college You will need it for your career It was assigned to you Some other reason You don't know why you are taking this course",Career interests and aspirations
178,X1SESQ5,0.013023267632421868,"This variable is the quintile of X1SES, weighted using the student weight (W1STUDENT). For more information on this variable, please refer to section 7.3.2.2 of the HSLS:09 Base-Year Data File Documentation (NCES 2011-328).",Demographic/SES controls
179,X1MOMRACE,0.01295021735846425,"For sample members who have a biological, adoptive, or step mother living in their household, X1MOMRACE characterizes the race/ethnicity of that biological, adoptive, or step mother. X1MOMRACE is derived from four composite variables (X1P1RELATION, X1P2RELATION, X1PAR1RACE, and X1PAR2RACE). ""Amer. Indian/Alaska Native, non-Hispanic"" and ""Native Hawaiian/Pacific Islander, non-Hispanic"" recoded as ""Other, non-Hispanic"" on the public use file.",Demographic/SES controls
180,P1MUSEUM,0.01293423377720897,"During the last 12 months, which of the following activities have you or another family member done with [your 9th-grader]? (Check all that apply.) Visited a zoo, planetarium, natural history museum, transportation museum, or a similar museum Worked or played on a computer together Built or fixed something such as a vehicle or appliance Attended a school science fair Helped [your 9th-grader] with a school science fair project Discussed a program or article about math, science, or technology Visited a library Gone to a play, concert, or other live show None of these",Academic performance/preparation
181,S2MTESTS,0.012845246191536768,How much do you agree or disagree with the following statements about [math course title]/math]? [You [are/were] confident that you [can/could] do an excellent job on tests in this course. /You are confident that you can do an excellent job on math tests.] 1=Strongly agree 2=Agree 3=Disagree 4=Strongly disagree,Academic performance/preparation
182,S2SCHALLENGE,0.012840008680283234,Why [are/were] you taking [science course title] ? Would you say you [are/were] taking it because... you like to be challenged? 1=Yes 0=No,Academic performance/preparation
183,S1PSAT,0.012815023264612075,Have you taken or are you planning to take... the PSAT? No Yes You haven't decided yet You don't know what this is,Academic performance/preparation
184,X1SESQ5_U,0.012639068048267765,"This variable is the quintile of X1SES_U, weighted using the student weight (W1STUDENT). For more information on this variable, please refer to section 7.3.2.2 of the HSLS:09 Base-Year Data File Documentation (NCES 2011-328).",Demographic/SES controls
185,X2SES5,0.012579763242928145,"This variable contains the imputed value (5 of 5) for X2SES, generated through a multiple imputation model, for responding students without a responding parent/guardian. X2SES is the mean of X2SES1-X2SES5. Mean Std Deviation Category Min Max Unweighted Unweighted ------------------- ------------------- ------------------- ------------------- ------------------- Continuous -8.0000 2.6340 -0.8052 2.6326",Demographic/SES controls
186,P1SCIHWEFF,0.012574345087906528,How confident do you feel about your ability to help [your 9th-grader] with the homework [he/she] has this year in each of the following subjects? Science Very confident Somewhat confident Not at all confident,Behavioral/psychological factors
187,X3T1CREDCHEM,0.012509464204254916,"Indicates at least one Carnegie unit in Chemistry, which is the course SCED code(s): 03101, 03105, 03103, 03104, 03108, 03147, 03148, 03149, 03102, 03106, 03107. A Carnegie unit is equivalent to a one-year academic course taken one period a day, five days a week.",Academic performance/preparation
188,S1DADTALKM,0.012505001213132593,"Since the beginning of the last school year (2008-2009), which of the following people have you talked with about which math courses to take this year? (Check all that apply.) Your mother or female guardian Your father or male guardian Your friends A favorite teacher A school counselor None of these people",Academic performance/preparation
189,S1SURECLG,0.01223761747127311,How sure are you that you will go on to college to pursue a Bachelor's degree after you leave high school? Very sure you'll go You'll probably go You probably won't go Very sure you won't go,Academic performance/preparation
190,X1TXMTH2,0.012177077393089887,"Mathematics theta score multiple imputation value (2 of 5). When the math test data were missing for student survey respondents, the math theta score was imputed with multiple imputation technique, with 5 imputed values. X1TXMTH is the mean of X1TXMTH1-5. The theta score provides a norm-referenced measurement of achievement, that is, an estimate of achievement relative to the population (fall 2009 9th graders) as a whole. It provides information on status compared to peers (as distinguished from the IRT-estimated scale score which represents status with respect to achievement on a particular criterion set of test items). The associated theta score is X1TXMTH. The standardized form of the theta score is X1TXMTSCOR. Mean Std Deviation Category Min Max Unweighted Unweighted ------------------- ------------------- ------------------- ------------------- ------------------- Continuous -8.0000 3.0283 -0.6691 2.4572",Academic performance/preparation
191,P1TYPEPS,0.01207372009600294,Do you think [your 9th-grader] will start [his/her] college education at... a technical institute a community college or other Associate's granting school besides a technical institute a Bachelor's granting 4-year college or you have not thought about this yet?,Academic performance/preparation
192,S1MPERSON2,0.012059099518632665,How much do you agree or disagree with the following statements? Others see you as a math person Strongly agree Agree Disagree Strongly disagree,Academic performance/preparation
193,S1STEXTBOOK,0.012003150192965039,How much do you agree or disagree with the following statements about your [fall 2009 science] course? You are certain you can understand the most difficult material presented in the textbook used in this course Strongly agree Agree Disagree Strongly disagree,Academic performance/preparation
194,S2MSKILLS,0.011947102519671264,How much do you agree or disagree with the following statements about [math course title]/math]? [You [are/were] certain that you [can/could] master the skills [being taught/that were taught] in this course./You are certain that you can master math skills.] 1=Strongly agree 2=Agree 3=Disagree 4=Strongly disagree,Academic performance/preparation
195,P1MOOD,0.011939810090886006,"Compared with other 9th graders, would you say [your 9th-grader] experiences a lot, a little, or no difficulty in the following areas? Feeling anxious or depressed A lot of difficulty A little difficulty No difficulty",Behavioral/psychological factors
196,S2FAMILY2013,0.011881504650504582,The next series of questions are about what you are most likely to be doing in the fall of 2013. Which of the following activities do you expect to be doing at that time? Starting a family or taking care of your children 1=Yes 2=No 3=Don't Know,Demographic/SES controls
197,X1TXMTH1,0.011869176442380754,"Mathematics theta score multiple imputation value (1 of 5). When the math test data were missing for student survey respondents, the math theta score was imputed with multiple imputation technique, with 5 imputed values. X1TXMTH is the mean of X1TXMTH1-5. The theta score provides a norm-referenced measurement of achievement, that is, an estimate of achievement relative to the population (fall 2009 9th graders) as a whole. It provides information on status compared to peers (as distinguished from the IRT-estimated scale score which represents status with respect to achievement on a particular criterion set of test items). The associated theta score is X1TXMTH. The standardized form of the theta score is X1TXMTSCOR. Mean Std Deviation Category Min Max Unweighted Unweighted ------------------- ------------------- ------------------- ------------------- ------------------- Continuous -8.0000 3.1250 -0.6693 2.4570",Academic performance/preparation
198,P1INCOMECAT,0.011814716008679343,"We understand that you may not be able to provide an exact number for your family's income. However, it would be extremely helpful if you would indicate which of the following ranges best estimates your total household income from all sources prior to taxes and deductions in calendar year 2008. Please include all income such as income from work, investments and alimony. $15,000 or less $15,001 - $35,000 $35,001 - $55,000 $55,001 - $75,000 $75,001 - $95,000 $95,001 - $115,000 $115,001 - $135,000 $135,001 - $155,000 $155,001 - $175,000 $175,001 - $195,000 $195,001 - $215,000 $215,001 - $235,000 More than $235,000",Demographic/SES controls
199,X2TXMTH3,0.011641194308112284,"Mathematics theta score multiple imputation value (3 of 5). When the math test data were missing for student survey respondents, the math theta score was imputed with multiple imputation technique, with 5 imputed values. X2TXMTH is the mean of X2TXMTH1-5. The theta score provides a norm-referenced measurement of achievement, that is, an estimate of achievement relative to the population (fall 2009 9th graders) as a whole. It provides information on status compared to peers (as distinguished from the IRT-estimated scale score which represents status with respect to achievement on a particular criterion set of test items). The associated theta score is X2TXMTH. The standardized form of the theta score is X2TXMTSCOR. Mean Std Deviation Category Min Max Unweighted Unweighted ------------------- ------------------- ------------------- ------------------- ------------------- Continuous -8.0000 4.5046 -0.3644 3.0731",Academic performance/preparation
200,S1SASSEXCL,0.011555259234861288,How much do you agree or disagree with the following statements about your [fall 2009 science] course? You are confident that you can do an excellent job on assignments in this course Strongly agree Agree Disagree Strongly disagree,Academic performance/preparation
201,S2STEXTBOOK,0.011544587696250075,How much do you agree or disagree with the following statements about [science course title/science]? [You [are/were] certain that you [can/could] understand the most difficult material presented in the textbook used in this course./ You are certain that you can understand the most difficult material presented in science textbooks.] 1=Strongly agree 2=Agree 3=Disagree 4=Strongly disagree,Academic performance/preparation
202,S2SATTENTION,0.011491621124176421,How often [do/did] you do these things in [science course title]? You [pay/paid] attention to the teacher. 1=Never 2=Less than half of the time 3=Half of the time 4=More than half of the time 5=Always,Behavioral/psychological factors
203,S2STESTS,0.011462440600949949,How much do you agree or disagree with the following statements about [science course title/science]? [You [are/were] confident that you [can/could] do an excellent job on tests in this course. /You are confident that you can do an excellent job on science tests.] 1=Strongly agree 2=Agree 3=Disagree 4=Strongly disagree,Academic performance/preparation
204,X2TXMQUINT,0.01139650835363164,"The math quintile score is a norm-referenced measure of achievement. The quintile score divides the weighted (population estimate) achievement distributions into five equal groups, based on math score (X2TXMTSCOR). Quintile 1 corresponds to the lowest-achieving one-fifth of the population, quintile 5 the highest. To determine the quintile cut-points, the weighted distribution of the standardized scores was divided at the 20th, 40th, 60th, and 80th percentiles. See Chapter 2 of the HSLS:09 F1 Data File Documentation (NCES 2014-361) for more information on the derivation of the math quintile score.",Academic performance/preparation
205,X2MTHEFF,0.011306901982196435,"This variable is a scale of the sample member's math self-efficacy; higher X2MTHEFF values represent higher math self-efficacy. Variable was created through principal components factor analysis (weighted by W2STUDENT) and standardized to a mean of 0 and standard deviation of 1. The inputs to this scale were S2MTESTS, S2MTEXTBOOK, S2MSKILLS, and S2MASSEXCL. Only respondents who provided a full set of responses were assigned a scale value. The coefficient of reliability (alpha) for the scale is .65 or higher. For more information on this scale score, please see chapter 5 of the F1 Data File Documentation (NCES 2014-361). Mean Std Deviation Category Min Max Unweighted Unweighted ------------------- ------------------- ------------------- ------------------- ------------------- Continuous -9.00 1.73 -1.27 3.16",Skills and self-efficacy
206,S1SREASCLG,0.011289437035157822,"What are the reasons you plan to take more science courses during high school? (Check all that apply.) Taking more science courses is required to graduate Your parents will want you to Your teachers will want you to Your school counselor will want you to You are good at science You will need a lot of science courses for the type of career you want Most students who are like you take a lot of science courses You enjoy studying science Taking more science courses will be useful for getting into college Taking more science courses will be useful in college Your friends are going to take more science courses Some other reason You don't know why, you just probably will",Career interests and aspirations
207,S2HISCIENCE12,0.011000270042988446,"Of the science courses you [are currently taking/were taking during the spring term of 2012], which [is/was] the most challenging? 1=Life science 2=Biology I 3=Biology II 4=Advanced Placement (AP) Biology 5=International Baccalaureate (IB) Biology 6=Anatomy or Physiology 7=Other biological sciences such as botany, marine biology, or zoology 8=Chemistry I 9=Chemistry II 10=Advanced Placement (AP) Chemistry 11=International Baccalaureate (IB) Chemistry 12=Earth Science 13=Advanced Placement (AP) Environmental Science 14=International Baccalaureate (IB) Environmental Systems and Societies 15=Other earth or environmental sciences such as ecology, geology, oceanography or meteorology 16=Physics I 17=Physics II 18=Advanced Placement (AP) Physics B or C 19=International Baccalaureate (IB) Physics 20=Physical Science 21=Principles of Technology 22=Other physical sciences such as astronomy or electronics 23=Integrated Science I 24=Integrated Science II and above 25=General Science 32=If S2SCRSE32SP is nonmissing fill [S2SCRSE32SP] else fill ""Other science, technology, engineering, or computer science course""",Academic performance/preparation
208,S1BAAGE30,0.010986481777544911,Would you be disappointed if you did not graduate from college with a Bachelor's degree by the time you are 30 years old? Yes No,Academic performance/preparation
209,S1NOTALKS,0.010893851740715986,"Since the beginning of the last school year (2008-2009), which of the following people have you talked with about which science courses to take this year? (Check all that apply.) Your mother or female guardian Your father or male guardian Your friends A favorite teacher A school counselor None of these people",Academic performance/preparation
210,X1TXMTH3,0.01074441920946716,"Mathematics theta score multiple imputation value (3 of 5). When the math test data were missing for student survey respondents, the math theta score was imputed with multiple imputation technique, with 5 imputed values. X1TXMTH is the mean of X1TXMTH1-5. The theta score provides a norm-referenced measurement of achievement, that is, an estimate of achievement relative to the population (fall 2009 9th graders) as a whole. It provides information on status compared to peers (as distinguished from the IRT-estimated scale score which represents status with respect to achievement on a particular criterion set of test items). The associated theta score is X1TXMTH. The standardized form of the theta score is X1TXMTSCOR. Mean Std Deviation Category Min Max Unweighted Unweighted ------------------- ------------------- ------------------- ------------------- ------------------- Continuous -8.0000 3.0283 -0.6698 2.4569",Academic performance/preparation
211,S1DADTALKJOB,0.010700587457432032,"Since the beginning of the last school year (2008-2009), which of the following people have you talked with about possible jobs or careers when you are an adult? (Check all that apply.) Your mother or female guardian Your father or male guardian Your friends A favorite teacher A school counselor None of these people",Career interests and aspirations
212,X1TXMTH5,0.01059404336403747,"Mathematics theta score multiple imputation value (5 of 5). When the math test data were missing for student survey respondents, the math theta score was imputed with multiple imputation technique, with 5 imputed values. X1TXMTH is the mean of X1TXMTH1-5. The theta score provides a norm-referenced measurement of achievement, that is, an estimate of achievement relative to the population (fall 2009 9th graders) as a whole. It provides information on status compared to peers (as distinguished from the IRT-estimated scale score which represents status with respect to achievement on a particular criterion set of test items). The associated theta score is X1TXMTH. The standardized form of the theta score is X1TXMTSCOR. Mean Std Deviation Category Min Max Unweighted Unweighted ------------------- ------------------- ------------------- ------------------- ------------------- Continuous -8.0000 3.0974 -0.6696 2.4569",Academic performance/preparation
213,S2STCHTREAT,0.010509238400340208,"How much do you agree or disagree with the following statements about your teacher for [science course title]? Remember, none of your teachers or your principal will see any of the answers you provide. Your teacher... [treats/treated] some kids better than other kids. 1=Strongly agree 2=Agree 3=Disagree 4=Strongly disagree",Academic performance/preparation
214,S2MTCHRREC,0.010376260866073014,Why [are/were] you taking [math course title] ? Would you say you [are/were] taking it because... a teacher encouraged you to take it? 1=Yes 0=No,Academic performance/preparation
215,S2STCHGIVEUP,0.010331794534902107,"How much do you agree or disagree with the following statements about your teacher for [science course title]? Remember, none of your teachers or your principal will see any of the answers you provide. Your teacher... [doesn't/didn't] let people give up when the work [gets/got] hard. 1=Strongly agree 2=Agree 3=Disagree 4=Strongly disagree",Academic performance/preparation
216,X3CLASSES,0.010326005641274975,Imputed version of S3CLASSES. X3CLASSES_IM values of 1 indicate when X3CLASSES is imputed.,Demographic/SES controls
217,X2SCIINT,0.010282741196484648,"This variable is a scale of the sample member's interest in their base-year science course; higher values represent greater interest in their base-year science course. Variable was created through principal components factor analysis (weighted by W2STUDENT) and standardized to a mean of 0 and standard deviation of 1. The inputs to this scale were S2SENJOYING, S2SWASTE, S2SBORING, S2FAVSUBJ, and S2SENJOYS. Only respondents who provided a full set of responses were assigned a scale value. The coefficient of reliability (alpha) for the scale is .65 or higher. For more information on this scale score, please see chapter 5 of the F1 Data File Documentation (NCES 2014-361). Mean Std Deviation Category Min Max Unweighted Unweighted ------------------- ------------------- ------------------- ------------------- ------------------- Continuous -9.00 1.71 -2.66 3.76",Academic performance/preparation
218,X2TXMTH2,0.010271807794891345,"Mathematics theta score multiple imputation value (2 of 5). When the math test data were missing for student survey respondents, the math theta score was imputed with multiple imputation technique, with 5 imputed values. X2TXMTH is the mean of X2TXMTH1-5. The theta score provides a norm-referenced measurement of achievement, that is, an estimate of achievement relative to the population (fall 2009 9th graders) as a whole. It provides information on status compared to peers (as distinguished from the IRT-estimated scale score which represents status with respect to achievement on a particular criterion set of test items). The associated theta score is X2TXMTH. The standardized form of the theta score is X2TXMTSCOR. Mean Std Deviation Category Min Max Unweighted Unweighted ------------------- ------------------- ------------------- ------------------- ------------------- Continuous -8.0000 4.7769 -0.3612 3.0735",Academic performance/preparation
219,X3T1CREDGEO,0.010131036012946614,"Indicates at least one Carnegie unit in Geometry, which is the course SCED code(s): 02071, 02072, 02073, 02074, 02075, 02079, 02135. A Carnegie unit is equivalent to a one-year academic course taken one period a day, five days a week.",Academic performance/preparation
220,S1SREASENJOY,0.009965650900337526,"What are the reasons you plan to take more science courses during high school? (Check all that apply.) Taking more science courses is required to graduate Your parents will want you to Your teachers will want you to Your school counselor will want you to You are good at science You will need a lot of science courses for the type of career you want Most students who are like you take a lot of science courses You enjoy studying science Taking more science courses will be useful for getting into college Taking more science courses will be useful in college Your friends are going to take more science courses Some other reason You don't know why, you just probably will",Career interests and aspirations
221,X1TXMQUINT,0.009895035273569601,"The math quintile score is a norm-referenced measure of achievement. The quintile score divides the weighted (population estimate) achievement distributions into five equal groups, based on math score (X1TXMTSCOR). Quintile 1 corresponds to the lowest-achieving one-fifth of the population, quintile 5 the highest. To determine the quintile cut-points, the weighted distribution of the standardized scores was divided at the 20th, 40th, 60th, and 80th percentiles. Cut points were matched to unrounded standardized scores. See Chapter 2 of the HSLS:09 Base-Year Data File Documentation (NCES 2011-328) for more information on the derivation of the math quintile score.",Academic performance/preparation
222,S1SREASPAR,0.009854694590652803,"What are the reasons you plan to take more science courses during high school? (Check all that apply.) Taking more science courses is required to graduate Your parents will want you to Your teachers will want you to Your school counselor will want you to You are good at science You will need a lot of science courses for the type of career you want Most students who are like you take a lot of science courses You enjoy studying science Taking more science courses will be useful for getting into college Taking more science courses will be useful in college Your friends are going to take more science courses Some other reason You don't know why, you just probably will",Career interests and aspirations
223,S1FYNOTSURE,0.00984331589693777,What do you plan to do during your first year after high school? (Check all that apply.) Enroll in an Associate's degree program in a two-year community college or technical institute Enroll in a Bachelor's degree program in a college or university Obtain a license or certificate in a career field Attend a registered apprenticeship program Join the armed services Get a job Start a family Travel Do volunteer or missionary work Not sure what you want to do,Career interests and aspirations
224,S2STCHRREC,0.009618745356572757,Why [are/were] you taking [science course title] ? Would you say you [are/were] taking it because... a teacher encouraged you to take it? 1=Yes 0=No,Academic performance/preparation
225,X1PAR1RACE,0.009417248727915951,"Characterizes the race/ethnicity of ""parent #1"", as reported by the parent questionnaire respondent; ""parent #1"" is the parent to whom all ""parent #1"" variables (e.g. X1P1RELATION, X1PAR1EMP, P1YRBORN1, P1USYR1, etc.) refer. X1PAR1RACE summarizes the following 6 dichotomous race/ethnicity variables drawn from the parent questionnaire: P1HISP1, P1WHITE1, P1BLACK1, P1ASIAN1, P1PACISLE1, and P1AMINDIAN1. ""Amer. Indian/Alaska Native, non-Hispanic"" and ""Native Hawaiian/Pacific Islander, non-Hispanic"" recoded as ""Other, non-Hispanic"" on the public use file.",Demographic/SES controls
226,X1PAR2RACE,0.009398123910094468,"Characterizes the race/ethnicity of ""parent #2"", as reported by the parent questionnaire respondent; ""parent #2"" is the parent to whom all ""parent #2"" variables (e.g., X1P2RELATION, X1PAR2EMP, P1YRBORN2, P1USYR2, etc.) refer. X1PAR2RACE summarizes the following 6 dichotomous race/ethnicity variables drawn from the parent questionnaire: P1HISP2, P1WHITE2, P1BLACK2, P1ASIAN2, P1PACISLE2, and P1AMINDIAN2. ""Amer. Indian/Alaska Native, non-Hispanic"" and ""Native Hawaiian/Pacific Islander, non-Hispanic"" recoded as ""Other, non-Hispanic"" on the public use file.",Demographic/SES controls
227,X3T1CREDESCI,0.009298943927481658,"Indicates at least one Carnegie unit in Geology/Earth Science, which is the course SCED code(s): 03001, 03007, 03008, 03158, 03159, 03201, 03202, 03203, 03204, 03205, 03210, 03211, 03212, 03213, 03994, 03995, 03239, 03996, 03002, 03003, 03004, 03005, 03006, 03009, 03047, 03048, 03049, 03209, 03997, 03998, 03999, 03207, 03208, 03206. A Carnegie unit is equivalent to a one-year academic course taken one period a day, five days a week.",Academic performance/preparation
228,X2SES5_U,0.009212513660557024,"This variable contains the imputed values (5 of 5) for X2SES_U, generated through a multiple imputation model, for responding students without a responding parent/guardian. X2SES_U is the mean of X2SES1_U-X2SES5_U. Mean Std Deviation Category Min Max Unweighted Unweighted ------------------- ------------------- ------------------- ------------------- ------------------- Continuous -8.0000 2.9504 -0.8122 2.6314",Demographic/SES controls
229,X2SCIEFF,0.009191253147833596,"This variable is a scale of the sample member's science self-efficacy; higher X2SCIEFF values represent higher science self-efficacy. Variable was created through principal components factor analysis (weighted by W2STUDENT) and standardized to a mean of 0 and standard deviation of 1. The inputs to this scale were S2STESTS, S2STEXTBOOK, S2SSKILLS, and S2SASSEXCL. Only respondents who provided a full set of responses were assigned a scale value. The coefficient of reliability (alpha) for the scale is .65 or higher. For more information on this scale score, please see chapter 5 of the F1 Data File Documentation (NCES 2014-361). Mean Std Deviation Category Min Max Unweighted Unweighted ------------------- ------------------- ------------------- ------------------- ------------------- Continuous -9.00 1.64 -1.36 3.24",Skills and self-efficacy
230,S2STCHINTRST,0.009185088971328076,"How much do you agree or disagree with the following statements about your teacher for [science course title]? Remember, none of your teachers or your principal will see any of the answers you provide. Your teacher... [makes/made] science interesting. 1=Strongly agree 2=Agree 3=Disagree 4=Strongly disagree",Academic performance/preparation
231,X2TXMTH4,0.009184903574245807,"Mathematics theta score multiple imputation value (4 of 5). When the math test data were missing for student survey respondents, the math theta score was imputed with multiple imputation technique, with 5 imputed values. X2TXMTH is the mean of X2TXMTH1-5. The theta score provides a norm-referenced measurement of achievement, that is, an estimate of achievement relative to the population (fall 2009 9th graders) as a whole. It provides information on status compared to peers (as distinguished from the IRT-estimated scale score which represents status with respect to achievement on a particular criterion set of test items). The associated theta score is X2TXMTH. The standardized form of the theta score is X2TXMTSCOR. Mean Std Deviation Category Min Max Unweighted Unweighted ------------------- ------------------- ------------------- ------------------- ------------------- Continuous -8.0000 4.7052 -0.3624 3.0745",Academic performance/preparation
232,S1NOTALKPRB,0.00913482499303875,"Since the beginning of the last school year (2008-2009), which of the following people have you talked with about personal problems? (Check all that apply.) Your mother or female guardian Your father or male guardian Your friends A favorite teacher A school counselor None of these people",Academic performance/preparation
233,S1MREASCLG,0.009106698554069812,"What are the reasons you plan to take more math courses during high school? (Check all that apply.) Taking more math courses is required to graduate Your parents will want you to Your teachers will want you to Your school counselor will want you to You are good at math You will need a lot of math courses for the type of career you want Most students who are like you take a lot of math courses You enjoy studying math Taking more math courses will be useful for getting into college Taking more math courses will be useful in college Your friends are going to take more math courses Some other reason You don't know why, you just probably will",Career interests and aspirations
234,X2SES3,0.009073287466201889,"This variable contains the imputed value (3 of 5) for X2SES, generated through a multiple imputation model, for responding students without a responding parent/guardian. X2SES is the mean of X2SES1-X2SES5. Mean Std Deviation Category Min Max Unweighted Unweighted ------------------- ------------------- ------------------- ------------------- ------------------- Continuous -8.0000 2.3663 -0.8089 2.6307",Demographic/SES controls
235,S2MONTIME,0.008960645845362554,How often [do/did] you do these things in [math course title]? You [turn/turned] in your assignments and projects on time. 1=Never 2=Less than half of the time 3=Half of the time 4=More than half of the time 5=Always,Behavioral/psychological factors
236,S1MENJOYS,0.008787243135813161,"Why are you taking [fall 2009 math course] ? [If late December or later add: (If you are no longer taking this course, think back to the fall when you answer this question and the questions that follow.)] (Check all that appply.) You really enjoy math You like to be challenged You had no choice, it is a school requirement The school counselor suggested you take it Your parent(s) encouraged you to take it A teacher encouraged you to take it There were no other math courses offered You will need it to get into college You will need it to succeed in college You will need it for your career It was assigned to you Some other reason You don't know why you are taking this course",Career interests and aspirations
237,P1BEHAVE,0.008648546536442965,"During the last school year (2008-2009), how many times were you or another family member contacted by the school about [your 9th-grader]'s� problem behavior in school? Never Once or twice Three or four times More than four times",Behavioral/psychological factors
238,S2TRIGM12,0.008578590666330647,What math course or courses [are you currently taking/were you taking during the spring term of 2012]? Trigonometry 0=No 1=Yes,Academic performance/preparation
239,P1LIBRARY,0.008481704568852713,"During the last 12 months, which of the following activities have you or another family member done with [your 9th-grader]? (Check all that apply.) Visited a zoo, planetarium, natural history museum, transportation museum, or a similar museum Worked or played on a computer together Built or fixed something such as a vehicle or appliance Attended a school science fair Helped [your 9th-grader] with a school science fair project Discussed a program or article about math, science, or technology Visited a library Gone to a play, concert, or other live show None of these",Academic performance/preparation
240,S1MCLGSUCC,0.008471453337746161,"Why are you taking [fall 2009 math course] ? [If late December or later add: (If you are no longer taking this course, think back to the fall when you answer this question and the questions that follow.)] (Check all that appply.) You really enjoy math You like to be challenged You had no choice, it is a school requirement The school counselor suggested you take it Your parent(s) encouraged you to take it A teacher encouraged you to take it There were no other math courses offered You will need it to get into college You will need it to succeed in college You will need it for your career It was assigned to you Some other reason You don't know why you are taking this course",Career interests and aspirations
241,P1CAMPOTH,0.008387583717874842,"During the last 12 months, has [your 9th-grader] participated in any of the following activities outside of school? (Check all that apply.) Music, dance, art, or theater Organized sports supervised by an adult Religious youth group or religious instruction Scouting or another group or club activity Academic instruction outside of school such as from a Saturday Academy, learning center, personal tutor or summer school program A math or science camp Another camp None of these",Academic performance/preparation
242,S1MREASPAR,0.008353117957446367,"What are the reasons you plan to take more math courses during high school? (Check all that apply.) Taking more math courses is required to graduate Your parents will want you to Your teachers will want you to Your school counselor will want you to You are good at math You will need a lot of math courses for the type of career you want Most students who are like you take a lot of math courses You enjoy studying math Taking more math courses will be useful for getting into college Taking more math courses will be useful in college Your friends are going to take more math courses Some other reason You don't know why, you just probably will",Career interests and aspirations
243,S1SUSECLG,0.008229352783334769,How much do you agree or disagree with the following statements about the usefulness of your [fall 2009 science] course? What students learn in this course... will be useful for college. Strongly agree Agree Disagree Strongly disagree,Career interests and aspirations
244,S1NOTALKOTH,0.008208649443910278,"Since the beginning of the last school year (2008-2009), which of the following people have you talked with about which courses to take this year other than math and science courses? (Check all that apply.) Your mother or female guardian Your father or male guardian Your friends A favorite teacher A school counselor None of these people",Academic performance/preparation
245,S1SYRS,0.00817010856117719,"Including this year, how many years of science do you expect to take during high school? One year Two years Three years Four or more years",Academic performance/preparation
246,X1STUEDEXPCT,0.008168576840168303,"Indicates the highest level of education the sample member expects to achieve. X1STUEDEXPCT is drawn from the student questionnaire, and if missing from the student questionnaire, is statistically imputed (imputed values in X1STUEDEXPCT can be identified using X1STUEDEX_IM).",Academic performance/preparation
247,S1SREASGOOD,0.008036547240517914,"What are the reasons you plan to take more science courses during high school? (Check all that apply.) Taking more science courses is required to graduate Your parents will want you to Your teachers will want you to Your school counselor will want you to You are good at science You will need a lot of science courses for the type of career you want Most students who are like you take a lot of science courses You enjoy studying science Taking more science courses will be useful for getting into college Taking more science courses will be useful in college Your friends are going to take more science courses Some other reason You don't know why, you just probably will",Career interests and aspirations
248,S2MTCHINTRST,0.007904401841635995,"How much do you agree or disagree with the following statements about your teacher for [math course title]? Remember, none of your teachers or your principal will see any of the answers you provide. Your teacher... [makes/made] math interesting. 1=Strongly agree 2=Agree 3=Disagree 4=Strongly disagree",Academic performance/preparation
249,X1TXMTH4,0.007832521534093662,"Mathematics theta score multiple imputation value (4 of 5). When the math test data were missing for student survey respondents, the math theta score was imputed with multiple imputation technique, with 5 imputed values. X1TXMTH is the mean of X1TXMTH1-5. The theta score provides a norm-referenced measurement of achievement, that is, an estimate of achievement relative to the population (fall 2009 9th graders) as a whole. It provides information on status compared to peers (as distinguished from the IRT-estimated scale score which represents status with respect to achievement on a particular criterion set of test items). The associated theta score is X1TXMTH. The standardized form of the theta score is X1TXMTSCOR. Mean Std Deviation Category Min Max Unweighted Unweighted ------------------- ------------------- ------------------- ------------------- ------------------- Continuous -8.0000 3.0283 -0.6685 2.4571",Academic performance/preparation
250,X2SES2,0.007785794333442145,"This variable contains the imputed value (2 of 5) for X2SES, generated through a multiple imputation model, for responding students without a responding parent/guardian. X2SES is the mean of X2SES1-X2SES5. Mean Std Deviation Category Min Max Unweighted Unweighted ------------------- ------------------- ------------------- ------------------- ------------------- Continuous -8.0000 2.4508 -0.8098 2.6306",Demographic/SES controls
251,S2MFRIEND,0.007777809182616269,Why [are/were] you taking [math course title] ? Would you say you [are/were] taking it because... your friends were taking it? 1=Yes 0=No,Academic performance/preparation
252,S2SDOWELL,0.007718093226412201,Why [are/were] you taking [science course title] ? Would you say you [are/were] taking it because... you do well in science? 1=Yes 0=No,Academic performance/preparation
253,X2X1TXMSCR,0.00755188771764028,The math IRT-estimated number correct is a criterion-referenced measure of achievement at the time of the Base Year assessment. The criterion is the set of skills defined by both the HSLS:09 Base Year and First Follow-up framework and represented by the 118 items used to score the HSLS:09 First Follow-up mathematics assessment. The estimated number correct for math is an estimate of the number of items students would have answered correctly had they responded to all 118 items in the item pool. The ability estimates (Thetas) from the Base Year and item parameters derived from the IRT calibration were used to calculate each student's probability of a correct answer for each of the items in the pool. These probabilities are summed to produce the IRT-estimated number-correct scale score. See Chapter 2 of the HSLS:09 First Follow-up Data File Documentation (NCES 2014-361) for more information on the derivation of the math estimated number correct. Mean Std Deviation Category Min Max Unweighted Unweighted ------------------- ------------------- ------------------- ------------------- ------------------- Continuous -9.0000 103.7880 43.2874 30.0057,Academic performance/preparation
254,S1MREASENJOY,0.007539516576223221,"What are the reasons you plan to take more math courses during high school? (Check all that apply.) Taking more math courses is required to graduate Your parents will want you to Your teachers will want you to Your school counselor will want you to You are good at math You will need a lot of math courses for the type of career you want Most students who are like you take a lot of math courses You enjoy studying math Taking more math courses will be useful for getting into college Taking more math courses will be useful in college Your friends are going to take more math courses Some other reason You don't know why, you just probably will",Career interests and aspirations
255,X1DADREL,0.007435500763407808,"Indicates whether or not there is a biological, adoptive, or step father in the sample member's household. X1DADREL is derived from two composite variables (X1P1RELATION and X1P2RELATION) which contain imputed values; if either of these two input variables is imputed and the presence of a father in the household could not be determined from unimputed data, then the imputation flag for X1DADREL (X1DADREL_IM) is set to 1.",Academic performance/preparation
256,S2SASSEXCL,0.007331085039898652,How much do you agree or disagree with the following statements about [science course title/science]? [You [are/were] confident that you [can/could] do an excellent job on assignments in this course. /You are confident that you can do an excellent job on science assignments.] 1=Strongly agree 2=Agree 3=Disagree 4=Strongly disagree,Academic performance/preparation
257,S1NOTALKM,0.007156686836877663,"Since the beginning of the last school year (2008-2009), which of the following people have you talked with about which math courses to take this year? (Check all that apply.) Your mother or female guardian Your father or male guardian Your friends A favorite teacher A school counselor None of these people",Academic performance/preparation
258,S2MDOWELL,0.007151142553667462,Why [are/were] you taking [math course title] ? Would you say you [are/were] taking it because... you do well in math? 1=Yes 0=No,Academic performance/preparation
259,S1FYMILITARY,0.007059344919516588,What do you plan to do during your first year after high school? (Check all that apply.) Enroll in an Associate's degree program in a two-year community college or technical institute Enroll in a Bachelor's degree program in a college or university Obtain a license or certificate in a career field Attend a registered apprenticeship program Join the armed services Get a job Start a family Travel Do volunteer or missionary work Not sure what you want to do,Career interests and aspirations
260,S1MASSEXCL,0.006965374656349304,How much do you agree or disagree with the following statements about your [fall 2009 math] course? You are confident that you can do an excellent job on assignments in this course Strongly agree Agree Disagree Strongly disagree,Academic performance/preparation
261,X2TXMTH5,0.0068825362017947865,"Mathematics theta score multiple imputation value (5 of 5). When the math test data were missing for student survey respondents, the math theta score was imputed with multiple imputation technique, with 5 imputed values. X2TXMTH is the mean of X2TXMTH1-5. The theta score provides a norm-referenced measurement of achievement, that is, an estimate of achievement relative to the population (fall 2009 9th graders) as a whole. It provides information on status compared to peers (as distinguished from the IRT-estimated scale score which represents status with respect to achievement on a particular criterion set of test items). The associated theta score is X2TXMTH. The standardized form of the theta score is X2TXMTSCOR. Mean Std Deviation Category Min Max Unweighted Unweighted ------------------- ------------------- ------------------- ------------------- ------------------- Continuous -8.0000 4.5046 -0.3611 3.0739",Academic performance/preparation
262,S1NOMSACT,0.006872683377826704,"Since the beginning of the last school year (2008-2009), which of the following activities have you participated in? (Check all that apply.) Math club Math competition Math camp Math study groups or a program where you were tutored in math Science club Science competition Science camp Science study groups or a program where you were tutored in science None of these",Academic performance/preparation
263,S2CHEM2S12,0.006795712893166573,"What science, computer science, or engineering course or courses are you currently taking?/What science, computer science or engineering course or courses were you taking during the spring term of 2012? Chemistry II 0=No 1=Yes",Academic performance/preparation
264,S2SSPR12,0.006651481127567673,"[Are you currently taking any science, computer science or technology courses/Were you taking any science, computer science or technology courses during the spring term of 2012? 1=Yes 0=No",Academic performance/preparation
265,S2PRECALC12,0.006542242898190836,What math course or courses [are you currently taking/were you taking during the spring term of 2012]? Pre-calculus or Analysis and Functions 0=No 1=Yes,Academic performance/preparation
266,X1PAREDEXPCT,0.006453564846516652,"X1PAREDEXPCT indicates the highest level of education the parent questionnaire respondent expects the sample member to achieve. X1PAREDEXPCT is taken from the base year parent questionnaire; if missing from the base year parent questionnaire, X1PAREDEXPCT is statistically imputed (imputed values in X1PAREDEXPCT can be identified using X1PAREDEX_IM).",Academic performance/preparation
267,S1GEOM09,0.006340567478628378,"What math course(s) are you currently taking this fall? [What math course(s) were you taking in the fall (2009)?] (Check all that apply.) Algebra I including IA and IB Geometry Algebra II Trigonometry Review or Remedial Math including Basic, Business, Consumer, Functional or General math Integrated Math I Statistics or Probability Integrated Math II or above Pre-algebra Analytic Geometry Other advanced math course such as pre-calculus or calculus Other math course",Academic performance/preparation
268,S2ANATOMYS12,0.006239539038586603,"What science, computer science, or engineering course or courses are you currently taking?/What science, computer science or engineering course or courses were you taking during the spring term of 2012? Anatomy or Physiology 0=No 1=Yes",Academic performance/preparation
269,S1SCHALLENGE,0.006161724443023625,"Why are you taking [fall 2009 science course]? [If late December or later add: (If you are no longer taking this course, think back to the fall when you answer this question and the questions that follow.)] (Check all that apply.) You really enjoy science You like to be challenged You had no choice, it is a school requirement The school counselor suggested you take it Your parent(s) encouraged you to take it A teacher encouraged you to take it There were no other science courses offered You will need it to get into college You will need it to succeed in college You will need it for your career It was assigned to you Some other reason You don't know why you are taking this course",Career interests and aspirations
270,X2TXMTH,0.006135110944021052,"The math theta score represents the student's ability level on a continuous scale. The theta score provides a norm-referenced measurement of achievement, that is, an estimate of achievement relative to the population (fall 2009 9th graders) as a whole. It provides information on status compared to peers (as distinguished from the IRT-estimated scale score which represents status with respect to achievement on a particular criterion set of test items). When the score is not available, X2TXMTH1-5 are created as the multiple imputation values for X2TXMTH. X2TXMTH is the mean of X2TXMTH1-5. The standard error of measurement for the theta score is X2TXMSEM. The standardized form of the mathematics theta score is X2TXMTSCOR. See Chapter 2 of the HSLS:09 F1 Data File Documentation (NCES 2014-361) for more information on the derivation of the math theta score. Mean Std Deviation Category Min Max Unweighted Unweighted ------------------- ------------------- ------------------- ------------------- ------------------- Continuous -8.0000 4.5046 -0.3623 3.0663",Academic performance/preparation
271,X3T1CREDBIOL,0.005950705136716428,"Indicates at least one Carnegie unit in Biology, which is the course SCED code(s): 03051, 03062, 03053, 03054, 03055, 03058, 03059, 03060, 03061, 03063, 03097, 03098, 03099, 03052, 03056, 03057. A Carnegie unit is equivalent to a one-year academic course taken one period a day, five days a week.",Academic performance/preparation
272,X2WHITE,0.005935733416023023,"The sample member's race/ethnicity is characterized by a series of six dichotomous composite variables (the student is/is not white, the student is/is not black, etc.). The six dichotomous composite race/ethnicity variables are X2HISPANIC, X2WHITE, X2BLACK, X2ASIAN, X2PACISLE, and X2AMINDIAN. Each of these dichotomous composites is pulled from the base year composite when not imputed, otherwise it is based on data from the F1 student questionnaire; if still missing, they are based on the presence of the race/ethnicity from the F1 parent questionnaire (if parent questionnaire data includes race/ethnicity information for biological parents). The six dichotomous race/ethnicity composites are then used in conjunction to produce the summary race/ethnicity composite X2RACE.",Demographic/SES controls
273,S1SREASLIKE,0.005839868149092113,"What are the reasons you plan to take more science courses during high school? (Check all that apply.) Taking more science courses is required to graduate Your parents will want you to Your teachers will want you to Your school counselor will want you to You are good at science You will need a lot of science courses for the type of career you want Most students who are like you take a lot of science courses You enjoy studying science Taking more science courses will be useful for getting into college Taking more science courses will be useful in college Your friends are going to take more science courses Some other reason You don't know why, you just probably will",Career interests and aspirations
274,P1LEARN,0.005600347768967477,"Compared with other 9th graders, would you say [your 9th-grader] experiences a lot, a little, or no difficulty in the following areas? Learning, understanding, or paying attention A lot of difficulty A little difficulty No difficulty",Behavioral/psychological factors
275,S2COMPPROG12,0.005573841560863205,"What science, computer science, or engineering course or courses are you currently taking?/What science, computer science or engineering course or courses were you taking during the spring term of 2012? Computer Programming 0=No 1=Yes",Academic performance/preparation
276,S2MSPR12,0.005573248040062372,[Are you currently/Were you] taking a math course [during the spring term of 2012?] 1=Yes 0=No,Academic performance/preparation
277,S1SUREHSGRAD,0.005498220747266444,How sure are you that you will graduate from high school? Very sure you'll graduate You'll probably graduate You probably won't graduate Very sure you won't graduate,Academic performance/preparation
278,X1BLACK,0.005465066740898321,"The sample member's race/ethnicity is characterized by a series of six dichotomous composite variables (the student is/is not white, the student is/is not black, etc.). The six dichotomous composite race/ethnicity variables are X1HISPANIC, X1WHITE, X1BLACK, X1ASIAN, X1PACISLE, and X1AMINDIAN. Each of these dichotomous composites is based on data from the student questionnaire; if missing from the student questionnaire, they are based on the presence of the race/ethnicity from the school-provided sampling roster; if still missing, they are based on the presence of the race/ethnicity from the parent questionnaire (if parent questionnaire data includes race/ethnicity information for biological parents) ; if still missing, they are based on the presence of another race/ethnicity on the school-provided sampling roster (to set values to ""No""). The six dichotomous race/ethnicity composites are then used in conjunction to produce the summary race/ethnicity composite X1RACE.",Demographic/SES controls
279,S2MCLGADM,0.00533235022557648,Why [are/were] you taking [math course title] ? Would you say you [are/were] taking it because... you will need it to get into college? 1=Yes 0=No,Academic performance/preparation
280,S2MFAMREC,0.005047258176864715,Why [are/were] you taking [math course title] ? Would you say you [are/were] taking it because... another family member encouraged you to take it? 1=Yes 0=No,Academic performance/preparation
281,S2GEOM12,0.0050200960815160725,What math course or courses [are you currently taking/were you taking during the spring term of 2012]? Geometry 0=No 1=Yes,Academic performance/preparation
282,S2APCHEM12,0.004876900112834515,"What science, computer science, or engineering course or courses are you currently taking?/What science, computer science or engineering course or courses were you taking during the spring term of 2012? Advanced Placement (AP) Chemistry 0=No 1=Yes",Academic performance/preparation
283,X1DADRACE,0.004696539653230394,"For sample members who have a biological, adoptive, or step father living in their household, X1DADRACE characterizes the race/ethnicity of that biological, adoptive, or step father. X1DADRACE is derived from four composite variables (X1P1RELATION, X1P2RELATION, X1PAR1RACE, and X1PAR2RACE). ""Amer. Indian/Alaska Native, non-Hispanic"" and ""Native Hawaiian/Pacific Islander, non-Hispanic"" recoded as ""Other, non-Hispanic"" on the public use file.",Demographic/SES controls
284,S2SSKILLS,0.004644732384691382,How much do you agree or disagree with the following statements about [science course title/science]? [You [are/were] certain that you [can/could] master the skills [being taught/that were taught] in this course./You are certain that you can master science skills.] 1=Strongly agree 2=Agree 3=Disagree 4=Strongly disagree,Academic performance/preparation
285,P1ABLEBA,0.004612531357366793,"Whatever [your 9th-grader]'s plans, do you think [he/she] has the ability to complete a Bachelor's degree? Would you say� definitely probably probably not or definitely not?",Academic performance/preparation
286,S2MCNSLREC,0.004591219634817526,Why [are/were] you taking [math course title] ? Would you say you [are/were] taking it because... a high school counselor suggested you take it? 1=Yes 0=No,Academic performance/preparation
287,S2FOCUS2013,0.0045776078171922184,What is most likely to be your main focus? 1=Continuing your education after high school 2=Working 3=Serving in the military 4=Starting a family or taking care of your children 6=Attending high school or a GED completion course,Academic performance/preparation
288,P1PERFORM,0.004551690728083538,"During the last school year (2008-2009), how many times were you or another family member contacted by the school about [your 9th-grader]'s� poor academic performance? Never Once or twice Three or four times More than four times",Academic performance/preparation
289,X2SESQ5,0.004541592676100026,"This variable is the quintile of X2SES, weighted using the student weight (W2STUDENT). For more information on this variable, please refer to section 7.3.2.2 of the HSLS:09 F1 Data File Documentation (NCES 2014-361).",Demographic/SES controls
290,S2SCLGADM,0.004417214478204567,Why [are/were] you taking [science course title] ? Would you say you [are/were] taking it because... you will need it to get into college? 1=Yes 0=No,Academic performance/preparation
291,X2SES1,0.0042258749934109005,"This variable contains the imputed value (1 of 5) for X2SES, generated through a multiple imputation model, for responding students without a responding parent/guardian. X2SES is the mean of X2SES1-X2SES5. Mean Std Deviation Category Min Max Unweighted Unweighted ------------------- ------------------- ------------------- ------------------- ------------------- Continuous -8.0000 2.5097 -0.8077 2.6294",Demographic/SES controls
292,X2POVERTY130,0.00408782894279322,"X2POVERTY130 indicates whether the sample member's family was at/above or below 130% of the 2011 poverty threshold, as set forth by the U.S. Census Bureau. Both family income and household size are considered when calculating whether a family is at/above or below 130% of the poverty threshold. If X2FAMINCOME or X2HHNUMBER are imputed, then the imputation flag for the poverty variables (X2POVERTY_IM) is set to 2. Unit nonresponse for this composite is less than the set of F1 student nonrespondents (X2SQSTAT>7) due to inclusion of parent data for student nonrespondents and questionnaire incapables. The additional parent data are available for use with the W2PARENT weight. See https://www.census.gov/data/tables/time-series/demo/income-poverty/historical-poverty-thresholds.html for further detail on 2011 poverty thresholds.",Demographic/SES controls
293,X2TXMTSCOR,0.004044657097984454,"The math standardized T score provides a norm-referenced measurement of achievement, that is, an estimate of achievement relative to the population (fall 2009 9th graders) as a whole. It provides information on status compared to peers (as distinguished from the IRT-estimated percent-correct score which represents status with respect to achievement on a particular criterion set of test items). The standardized T score is a transformation of the IRT theta (ability) estimate, rescaled to a mean of 50 and standard deviation of 10. An advantage of the standardized score over the raw theta score is that it facilitates comparisons in standard deviation units. See Chapter 2 of the HSLS:09 F1 Data File Documentation (NCES 2014-361) for more information on the derivation of the math T score. Mean Std Deviation Category Min Max Unweighted Unweighted ------------------- ------------------- ------------------- ------------------- ------------------- Continuous -8.0000 84.9051 44.1365 21.7789",Academic performance/preparation
294,S1SREASTCHR,0.003868359060905699,"What are the reasons you plan to take more science courses during high school? (Check all that apply.) Taking more science courses is required to graduate Your parents will want you to Your teachers will want you to Your school counselor will want you to You are good at science You will need a lot of science courses for the type of career you want Most students who are like you take a lot of science courses You enjoy studying science Taking more science courses will be useful for getting into college Taking more science courses will be useful in college Your friends are going to take more science courses Some other reason You don't know why, you just probably will",Career interests and aspirations
295,X1HISPANIC,0.0038379917576727026,"The sample member's race/ethnicity is characterized by a series of six dichotomous composite variables (the student is/is not white, the student is/is not black, etc.). The six dichotomous composite race/ethnicity variables are X1HISPANIC, X1WHITE, X1BLACK, X1ASIAN, X1PACISLE, and X1AMINDIAN. Each of these dichotomous composites is based on data from the student questionnaire; if missing from the student questionnaire, they are based on the presence of the race/ethnicity from the school-provided sampling roster; if still missing, they are based on the presence of the race/ethnicity from the parent questionnaire (if parent questionnaire data includes race/ethnicity information for biological parents); if still missing, they are based on the presence of another race/ethnicity on the school-provided sampling roster (to set values to ""No""). The six dichotomous race/ethnicity composites are then used in conjunction to produce the summary race/ethnicity composite X1RACE.",Demographic/SES controls
296,P1SLD,0.00374357450573885,"Has a doctor, health care provider, teacher, or school official ever told you that [your 9th-grader] has any of the following conditions? Specific learning disability Yes No",Academic performance/preparation
297,S1SREASNOT,0.0037134306649630323,"What are the reasons you plan to take more science courses during high school? (Check all that apply.) Taking more science courses is required to graduate Your parents will want you to Your teachers will want you to Your school counselor will want you to You are good at science You will need a lot of science courses for the type of career you want Most students who are like you take a lot of science courses You enjoy studying science Taking more science courses will be useful for getting into college Taking more science courses will be useful in college Your friends are going to take more science courses Some other reason You don't know why, you just probably will",Career interests and aspirations
298,P1HELPPAY,0.003671552622987398,Do you or does anyone in your family plan to help [your 9th-grader] pay for [his/her] education after high school? Yes No You have not thought about this yet,Academic performance/preparation
299,S1MPARENT,0.0035511812126939784,"Why are you taking [fall 2009 math course] ? [If late December or later add: (If you are no longer taking this course, think back to the fall when you answer this question and the questions that follow.)] (Check all that appply.) You really enjoy math You like to be challenged You had no choice, it is a school requirement The school counselor suggested you take it Your parent(s) encouraged you to take it A teacher encouraged you to take it There were no other math courses offered You will need it to get into college You will need it to succeed in college You will need it for your career It was assigned to you Some other reason You don't know why you are taking this course",Career interests and aspirations
300,X2POVERTY185,0.0035268808764807795,"X2POVERTY185 indicates whether the sample member's family was at/above or below 185% of the 2011 poverty threshold, as set forth by the U.S. Census Bureau. Both family income and household size are considered when calculating whether a family is at/above or below 185% of the poverty threshold. If X2FAMINCOME or X2HHNUMBER are imputed, then the imputation flag for the poverty variables (X2POVERTY_IM) is set to 1. Unit nonresponse for this composite is less than the set of F1 student nonrespondents (X2SQSTAT>7) due to inclusion of parent data for student nonrespondents and questionnaire incapables. The additional parent data are available for use with the W2PARENT weight. See https://www.census.gov/data/tables/time-series/demo/income-poverty/historical-poverty-thresholds.html for further detail on 2011 poverty thresholds.",Demographic/SES controls
301,S2PHYSIC1S12,0.0034141385818406964,"What science, computer science, or engineering course or courses are you currently taking?/What science, computer science or engineering course or courses were you taking during the spring term of 2012? Physics I 0=No 1=Yes",Academic performance/preparation
302,S1MOMTALKM,0.003379525664953226,"Since the beginning of the last school year (2008-2009), which of the following people have you talked with about which math courses to take this year? (Check all that apply.) Your mother or female guardian Your father or male guardian Your friends A favorite teacher A school counselor None of these people",Academic performance/preparation
303,S2CANTSEND,0.0033791252333408473,"Which of the following are reasons you [do not/did not] spend more time studying? Even if you [get/got] better grades, your family [cannot afford/could not have afforded] to send you to school or college. 1=Yes 0=No Administered To: Respondents who thought they could earn better grades by spending more time studying.",Academic performance/preparation
304,S2COMPAPP12,0.0033115054109615375,"What science, computer science, or engineering course or courses are you currently taking?/What science, computer science or engineering course or courses were you taking during the spring term of 2012? Computer Applications 0=No 1=Yes",Academic performance/preparation
305,S1SCAREER,0.0031569622963026137,"Why are you taking [fall 2009 science course]? [If late December or later add: (If you are no longer taking this course, think back to the fall when you answer this question and the questions that follow.)] (Check all that apply.) You really enjoy science You like to be challenged You had no choice, it is a school requirement The school counselor suggested you take it Your parent(s) encouraged you to take it A teacher encouraged you to take it There were no other science courses offered You will need it to get into college You will need it to succeed in college You will need it for your career It was assigned to you Some other reason You don't know why you are taking this course",Career interests and aspirations
306,S2MOSTIMP2013,0.002959598673124811,Which of these activities do your parents think is most important for you to do in the fall of 2013? 1=Continuing your education after high school 2=Working 3=Serving in the military 4=Starting a family or taking care of your children 5=Attending high school or a GED completion course,Academic performance/preparation
307,S2ENGINEER12,0.0029550878826822484,"What science, computer science, or engineering course or courses are you currently taking?/What science, computer science or engineering course or courses were you taking during the spring term of 2012? An engineering course such as general engineering, robotics, aeronautical, mechanical or electrical engineering 0=No 1=Yes",Academic performance/preparation
308,S2BIO1S12,0.002946690620187982,"What science, computer science, or engineering course or courses are you currently taking?/What science, computer science or engineering course or courses were you taking during the spring term of 2012? Biology I 0=No 1=Yes",Academic performance/preparation
309,P1SUSPEND,0.002930879620947634,"Since starting kindergarten, has [he/she] ever been suspended or expelled from school? Do not count detentions. Yes No",Behavioral/psychological factors
310,S2ALG3M12,0.0029045226674765338,What math course or courses [are you currently taking/were you taking during the spring term of 2012]? Algebra III 0=No 1=Yes,Academic performance/preparation
311,S1SCOMPETE,0.002843455331544727,"Since the beginning of the last school year (2008-2009), which of the following activities have you participated in? (Check all that apply.) Math club Math competition Math camp Math study groups or a program where you were tutored in math Science club Science competition Science camp Science study groups or a program where you were tutored in science None of these",Academic performance/preparation
312,X1POVERTY,0.0027956771767933732,"X1POVERTY indicates whether the sample member's family was at/above or below the 2008 poverty threshold, as set forth by the U.S. Census Bureau. Both family income and household size are considered when calculating whether a family is at/above or below the poverty threshold. If X1FAMINCOME or X1HHNUMBER are imputed, then the imputation flag for the poverty variables (X1POVERTY_IM) is set to 1. See https://www.census.gov/data/tables/time-series/demo/income-poverty/historical-poverty-thresholds.html for further detail on 2008 poverty thresholds.",Demographic/SES controls
313,S2OTHBIOS12,0.002644872707863947,"What science, computer science, or engineering course or courses are you currently taking?/What science, computer science or engineering course or courses were you taking during the spring term of 2012? Other biological sciences such as botany, marine biology, or zoology 0=No 1=Yes",Academic performance/preparation
314,S1SCLGSUCC,0.0026357403508212567,"Why are you taking [fall 2009 science course]? [If late December or later add: (If you are no longer taking this course, think back to the fall when you answer this question and the questions that follow.)] (Check all that apply.) You really enjoy science You like to be challenged You had no choice, it is a school requirement The school counselor suggested you take it Your parent(s) encouraged you to take it A teacher encouraged you to take it There were no other science courses offered You will need it to get into college You will need it to succeed in college You will need it for your career It was assigned to you Some other reason You don't know why you are taking this course",Career interests and aspirations
315,S1MREASLIKE,0.002634320944269928,"What are the reasons you plan to take more math courses during high school? (Check all that apply.) Taking more math courses is required to graduate Your parents will want you to Your teachers will want you to Your school counselor will want you to You are good at math You will need a lot of math courses for the type of career you want Most students who are like you take a lot of math courses You enjoy studying math Taking more math courses will be useful for getting into college Taking more math courses will be useful in college Your friends are going to take more math courses Some other reason You don't know why, you just probably will",Career interests and aspirations
316,S2SFAMREC,0.0025773066186477777,Why [are/were] you taking [science course title] ? Would you say you [are/were] taking it because... another family member encouraged you to take it? 1=Yes 0=No,Academic performance/preparation
317,X1POVERTY185,0.00250058615327067,"X1POVERTY185 indicates whether the sample member's family was at/above or below 185% of the 2008 poverty threshold, as set forth by the U.S. Census Bureau. Both family income and household size are considered when calculating whether a family is at/above or below 185% of the poverty threshold. If X1FAMINCOME or X1HHNUMBER are imputed, then the imputation flag for the poverty variables (X1POVERTY_IM) is set to 1. See https://www.census.gov/data/tables/time-series/demo/income-poverty/historical-poverty-thresholds.html for further detail on 2008 poverty thresholds.",Demographic/SES controls
318,S2OTHCOMP12,0.0024588748000209377,"What science, computer science, or engineering course or courses are you currently taking?/What science, computer science or engineering course or courses were you taking during the spring term of 2012? Other computer or information science course 0=No 1=Yes",Academic performance/preparation
319,S2PHYSS12,0.0022713506378224117,"What science, computer science, or engineering course or courses are you currently taking?/What science, computer science or engineering course or courses were you taking during the spring term of 2012? Physical Science 0=No 1=Yes",Academic performance/preparation
320,S2HS2013,0.002215457641107998,The next series of questions are about what you are most likely to be doing in the fall of 2013. Which of the following activities do you expect to be doing at that time? Attending high school or a GED completion course 1=Yes 2=No 3=Don't Know,Academic performance/preparation
321,S2REVIEWM12,0.0022084771109589264,"What math course or courses [are you currently taking/were you taking during the spring term of 2012]? Business, Consumer, General, Applied, Technical, Functional, or Review math 0=No 1=Yes",Academic performance/preparation
322,S2APPHYSIC12,0.002143378597610816,"What science, computer science, or engineering course or courses are you currently taking?/What science, computer science or engineering course or courses were you taking during the spring term of 2012? Advanced Placement (AP) Physics B or C 0=No 1=Yes",Academic performance/preparation
323,P1NOOUTSCH,0.0021184851110690617,"During the last 12 months, has [your 9th-grader] participated in any of the following activities outside of school? (Check all that apply.) Music, dance, art, or theater Organized sports supervised by an adult Religious youth group or religious instruction Scouting or another group or club activity Academic instruction outside of school such as from a Saturday Academy, learning center, personal tutor or summer school program A math or science camp Another camp None of these",Academic performance/preparation
324,S2APCOMPSCI12,0.0021116427702147973,"What science, computer science, or engineering course or courses are you currently taking?/What science, computer science or engineering course or courses were you taking during the spring term of 2012? Advanced Placement (AP) Computer Science 0=No 1=Yes",Academic performance/preparation
325,S2BIO2S12,0.002001231429499885,"What science, computer science, or engineering course or courses are you currently taking?/What science, computer science or engineering course or courses were you taking during the spring term of 2012? Biology II 0=No 1=Yes",Academic performance/preparation
326,P1ADHD,0.0018902922467170557,"Has a doctor, health care provider, teacher, or school official ever told you that [your 9th-grader] has any of the following conditions? Attention Deficit Disorder or Attention Deficit Hyperactive Disorder, that is, ADD or ADHD Yes No",Behavioral/psychological factors
327,S1MCLUB,0.001851984966959936,"Since the beginning of the last school year (2008-2009), which of the following activities have you participated in? (Check all that apply.) Math club Math competition Math camp Math study groups or a program where you were tutored in math Science club Science competition Science camp Science study groups or a program where you were tutored in science None of these",Academic performance/preparation
328,S1MREASNOT,0.0018378656922250387,"What are the reasons you plan to take more math courses during high school? (Check all that apply.) Taking more math courses is required to graduate Your parents will want you to Your teachers will want you to Your school counselor will want you to You are good at math You will need a lot of math courses for the type of career you want Most students who are like you take a lot of math courses You enjoy studying math Taking more math courses will be useful for getting into college Taking more math courses will be useful in college Your friends are going to take more math courses Some other reason You don't know why, you just probably will",Career interests and aspirations
329,S1SPARENT,0.0018282460254524686,"Why are you taking [fall 2009 science course]? [If late December or later add: (If you are no longer taking this course, think back to the fall when you answer this question and the questions that follow.)] (Check all that apply.) You really enjoy science You like to be challenged You had no choice, it is a school requirement The school counselor suggested you take it Your parent(s) encouraged you to take it A teacher encouraged you to take it There were no other science courses offered You will need it to get into college You will need it to succeed in college You will need it for your career It was assigned to you Some other reason You don't know why you are taking this course",Career interests and aspirations
330,X2POVERTY,0.0016470076398409162,"X2POVERTY indicates whether the sample member's family was at/above or below the 2011 poverty threshold, as set forth by the U.S. Census Bureau. Both family income and household size are considered when calculating whether a family is at/above or below the poverty threshold. If X2FAMINCOME or X2HHNUMBER are imputed, then the imputation flag for the poverty variables (X2POVERTY_IM) is set to 2. Unit nonresponse for this composite is less than the set of F1 student nonrespondents (X2SQSTAT>7) due to inclusion of parent data for student nonrespondents and questionnaire incapables. The additional parent data are available for use with the W2PARENT weight. See https://www.census.gov/data/tables/time-series/demo/income-poverty/historical-poverty-thresholds.html for further detail on 2011 poverty thresholds.",Demographic/SES controls
331,P1START,0.0015296395764039872,When do you think [he/she] will start [his/her] education after high school? Within 3 months after completing high school Within 6 months after completing high school Within one year after completing high school More than one year after completing high school,Academic performance/preparation
332,S2APENVS12,0.0015110469291869132,"What science, computer science, or engineering course or courses are you currently taking?/What science, computer science or engineering course or courses were you taking during the spring term of 2012? Advanced Placement (AP) Environmental Science 0=No 1=Yes",Academic performance/preparation
333,P1USBORN9,0.001491033014930119,"Now we have a question about your 9th grader. Was [your 9th-grader] born in the United States, in Puerto Rico or another U.S. territory, or in another country? United States Puerto Rico or another U.S. territory Another country",Academic performance/preparation
334,S1SREASFRND,0.001349788534074606,"What are the reasons you plan to take more science courses during high school? (Check all that apply.) Taking more science courses is required to graduate Your parents will want you to Your teachers will want you to Your school counselor will want you to You are good at science You will need a lot of science courses for the type of career you want Most students who are like you take a lot of science courses You enjoy studying science Taking more science courses will be useful for getting into college Taking more science courses will be useful in college Your friends are going to take more science courses Some other reason You don't know why, you just probably will",Career interests and aspirations
335,S2STCHTHINK,0.0013218068641044011,"How much do you agree or disagree with the following statements about your teacher for [science course title]? Remember, none of your teachers or your principal will see any of the answers you provide. Your teacher... [wants/wanted] students to think, not just memorize things. 1=Strongly agree 2=Agree 3=Disagree 4=Strongly disagree",Academic performance/preparation
336,P1SPECIALED,0.0013207018148762974,Does [your 9th-grader] currently receive Special Educational Services? Students receiving these services often have an Individualized Education Plan (IEP). Yes No Don't know,Academic performance/preparation
337,S1ALG2M09,0.001296009058193094,"What math course(s) are you currently taking this fall? [What math course(s) were you taking in the fall (2009)?] (Check all that apply.) Algebra I including IA and IB Geometry Algebra II Trigonometry Review or Remedial Math including Basic, Business, Consumer, Functional or General math Integrated Math I Statistics or Probability Integrated Math II or above Pre-algebra Analytic Geometry Other advanced math course such as pre-calculus or calculus Other math course",Academic performance/preparation
338,S2DONTCARE,0.00129422519545864,Which of the following are reasons you [do not/did not] spend more time studying? You [do not/did not] care about earning higher grades. 1=Yes 0=No Administered To: Respondents who thought they could earn better grades by spending more time studying.,Academic performance/preparation
339,S2APCALC12,0.0012926872087484483,What math course or courses [are you currently taking/were you taking during the spring term of 2012]? Advanced Placement (AP) Calculus AB or BC 0=No 1=Yes,Academic performance/preparation
340,S2STAT12,0.0012521028720524844,What math course or courses [are you currently taking/were you taking during the spring term of 2012]? Other Statistics or Probability 0=No 1=Yes,Academic performance/preparation
341,S2INTGM312,0.0011450701376901277,What math course or courses [are you currently taking/were you taking during the spring term of 2012]? Integrated Math III or above 0=No 1=Yes,Academic performance/preparation
342,S2PHYSIC2S12,0.0011152991396800988,"What science, computer science, or engineering course or courses are you currently taking?/What science, computer science or engineering course or courses were you taking during the spring term of 2012? Physics II 0=No 1=Yes",Academic performance/preparation
343,S1MREASFRND,0.0010580205076458884,"What are the reasons you plan to take more math courses during high school? (Check all that apply.) Taking more math courses is required to graduate Your parents will want you to Your teachers will want you to Your school counselor will want you to You are good at math You will need a lot of math courses for the type of career you want Most students who are like you take a lot of math courses You enjoy studying math Taking more math courses will be useful for getting into college Taking more math courses will be useful in college Your friends are going to take more math courses Some other reason You don't know why, you just probably will",Career interests and aspirations
344,P1CAMPMS,0.0008322836723842551,"During the last 12 months, has [your 9th-grader] participated in any of the following activities outside of school? (Check all that apply.) Music, dance, art, or theater Organized sports supervised by an adult Religious youth group or religious instruction Scouting or another group or club activity Academic instruction outside of school such as from a Saturday Academy, learning center, personal tutor or summer school program A math or science camp Another camp None of these",Academic performance/preparation
345,S1MCOMPETE,0.0008022899748284365,"Since the beginning of the last school year (2008-2009), which of the following activities have you participated in? (Check all that apply.) Math club Math competition Math camp Math study groups or a program where you were tutored in math Science club Science competition Science camp Science study groups or a program where you were tutored in science None of these",Academic performance/preparation
346,S2OTHENVS12,0.0007829915172544301,"What science, computer science, or engineering course or courses are you currently taking?/What science, computer science or engineering course or courses were you taking during the spring term of 2012? Other earth or environmental sciences such as ecology, geology, oceanography, or meteorology 0=No 1=Yes",Academic performance/preparation
347,P1REPEATGRD,0.000739441866790272,"Since starting kindergarten, has [your 9th-grader] repeated any grades? Yes No",Academic performance/preparation
348,S2ALG1M12,0.0006906876530422651,"What math course or courses [are you currently taking/were you taking during the spring term of 2012]? Algebra I, 1A or 1B 0=No 1=Yes",Academic performance/preparation
349,S2APSTAT12,0.0006300324454569406,What math course or courses [are you currently taking/were you taking during the spring term of 2012]? Advanced Placement (AP) Statistics 0=No 1=Yes,Academic performance/preparation
350,S2EARTHS12,0.0006193251762368747,"What science, computer science, or engineering course or courses are you currently taking?/What science, computer science or engineering course or courses were you taking during the spring term of 2012? Earth Science 0=No 1=Yes",Academic performance/preparation
351,P1ADHDMED,0.0006135776501838571,Is [your 9th-grader] currently taking medication for ADD or ADHD? Yes No,Academic performance/preparation
352,S2IBIOS12,0.0005028768343019719,"What science, computer science, or engineering course or courses are you currently taking?/What science, computer science or engineering course or courses were you taking during the spring term of 2012? International Baccalaureate (IB) Biology 0=No 1=Yes",Academic performance/preparation
353,S2IBPHYSIC12,0.0003811711363741706,"What science, computer science, or engineering course or courses are you currently taking?/What science, computer science or engineering course or courses were you taking during the spring term of 2012? International Baccalaureate (IB) Physics 0=No 1=Yes",Academic performance/preparation
354,P1DD,0.00038004751297511784,"Has a doctor, health care provider, teacher, or school official ever told you that [your 9th-grader] has any of the following conditions? Any developmental delay that affects [his/her] ability to learn Yes No",Academic performance/preparation
355,S2GENS12,0.0003390359913737206,"What science, computer science, or engineering course or courses are you currently taking?/What science, computer science or engineering course or courses were you taking during the spring term of 2012? General Science 0=No 1=Yes",Academic performance/preparation
356,S2PREALGM12,0.00030433198497001925,What math course or courses [are you currently taking/were you taking during the spring term of 2012]? Pre-algebra 0=No 1=Yes,Academic performance/preparation
357,X1TXMSCR,0.0001989086687437413,The math IRT-estimated scale score is a criterion-referenced measure of achievement. The criterion is the set of skills defined by the HSLS:09 framework and represented by the 72 items in the HSLS:09 math item pool. The estimated scale score for math is an estimate of the number of items students would have answered correctly had they responded to all 72 items in the item pool. The ability estimates and item parameters derived from the IRT calibration can be used to calculate each student's probability of a correct answer for each of the items in the pool. These probabilities are summed to produce the IRT-estimated number-correct scale score. See Chapter 2 of the HSLS:09 Base-Year Data File Documentation (NCES 2011-328) for more information on the derivation of the math scale score score. Mean Std Deviation Category Min Max Unweighted Unweighted ------------------- ------------------- ------------------- ------------------- ------------------- Continuous -8.0000 69.9317 35.9645 17.7911,Academic performance/preparation
358,S2INTGS2S12,0.00014948837860918478,"What science, computer science, or engineering course or courses are you currently taking?/What science, computer science or engineering course or courses were you taking during the spring term of 2012? Integrated Science II or above 0=No 1=Yes",Academic performance/preparation
359,S2INTGS1S12,0.00013897481603836138,"What science, computer science, or engineering course or courses are you currently taking?/What science, computer science or engineering course or courses were you taking during the spring term of 2012? Integrated Science I 0=No 1=Yes",Academic performance/preparation
360,X3CLASSES_IM,0.00011050354801615918,Flag indicating whether the variable X3CLASSES was statistically imputed or not imputed.,Demographic/SES controls
361,S2INTGM212,0.0001073410239949933,What math course or courses [are you currently taking/were you taking during the spring term of 2012]? Integrated Math II 0=No 1=Yes,Academic performance/preparation
362,S2IBCHEM12,9.117342356680411e-05,"What science, computer science, or engineering course or courses are you currently taking?/What science, computer science or engineering course or courses were you taking during the spring term of 2012? International Baccalaureate (IB) Chemistry 0=No 1=Yes",Academic performance/preparation
363,S2OTHPHYS12,5.3057197830639264e-05,"What science, computer science, or engineering course or courses are you currently taking?/What science, computer science or engineering course or courses were you taking during the spring term of 2012? Other physical sciences such as astronomy or electronics 0=No 1=Yes",Academic performance/preparation
364,X3T1CREDALG1,0.0,"Indicates at least one Carnegie unit in Algebra 1, which is the course SCED code(s): 02052, 02054, 02069. A Carnegie unit is equivalent to a one-year academic course taken one period a day, five days a week.",Academic performance/preparation
365,X2SESQ5_U,0.0,"This variable is the quintile of X2SES_U, weighted using the student weight (W2STUDENT). For more information on this variable, please refer to section 7.3.2.2 of the HSLS:09 F1 Data File Documentation (NCES 2014-361).",Demographic/SES controls
366,X1MTHID,0.0,"This variable is a scale of the sample member's math identity. Sample members who tend to agree with the statements ""You see yourself as a math person"" and/or ""Others see me as a math person"" will have higher values for X1MTHID. This variable was created through principal components factor analysis (weighted by W1STUDENT) and standardized to a mean of 0 and standard deviation of 1. The inputs to this scale were S1MPERSON1 and S1MPERSON2. Only respondents who provided a full set of responses were assigned a scale value. The coefficient of reliability (alpha) for the scale is .65 or higher. For more information on this scale score, please see chapter 5 of the Base-Year Data File Documentation (NCES 2011-328). Mean Std Deviation Category Min Max Unweighted Unweighted ------------------- ------------------- ------------------- ------------------- ------------------- Continuous -9.00 1.76 -0.78 2.63",Skills and self-efficacy
367,S1MCAREER,0.0,"Why are you taking [fall 2009 math course] ? [If late December or later add: (If you are no longer taking this course, think back to the fall when you answer this question and the questions that follow.)] (Check all that appply.) You really enjoy math You like to be challenged You had no choice, it is a school requirement The school counselor suggested you take it Your parent(s) encouraged you to take it A teacher encouraged you to take it There were no other math courses offered You will need it to get into college You will need it to succeed in college You will need it for your career It was assigned to you Some other reason You don't know why you are taking this course",Career interests and aspirations
368,X2HISPANIC,0.0,"The sample member's race/ethnicity is characterized by a series of six dichotomous composite variables (the student is/is not white, the student is/is not black, etc.). The six dichotomous composite race/ethnicity variables are X2HISPANIC, X2WHITE, X2BLACK, X2ASIAN, X2PACISLE, and X2AMINDIAN. Each of these dichotomous composites is pulled from the base year composite when not imputed, otherwise it is based on data from the F1 student questionnaire; if still missing, they are based on the presence of the race/ethnicity from the F1 parent questionnaire (if parent questionnaire data includes race/ethnicity information for biological parents). The six dichotomous race/ethnicity composites are then used in conjunction to produce the summary race/ethnicity composite X2RACE.",Demographic/SES controls
369,S2SPARREC,0.0,Why [are/were] you taking [science course title] ? Would you say you [are/were] taking it because... your parents encouraged you to take it? 1=Yes 0=No,Academic performance/preparation
370,S2INTGM112,0.0,What math course or courses [are you currently taking/were you taking during the spring term of 2012]? Integrated Math I 0=No 1=Yes,Academic performance/preparation
371,X1POVERTY130,0.0,"X1POVERTY130 indicates whether the sample member's family was at/above or below 130% of the 2008 poverty threshold, as set forth by the U.S. Census Bureau. Both family income and household size are considered when calculating whether a family is at/above or below 130% of the poverty threshold. If X1FAMINCOME or X1HHNUMBER are imputed, then the imputation flag for the poverty variables (X1POVERTY_IM) is set to 1. See https://www.census.gov/data/tables/time-series/demo/income-poverty/historical-poverty-thresholds.html for further detail on 2008 poverty thresholds.",Demographic/SES controls
372,S2CALC12,0.0,What math course or courses [are you currently taking/were you taking during the spring term of 2012]? Other Calculus 0=No 1=Yes,Academic performance/preparation
373,S2ANGEOM12,0.0,What math course or courses [are you currently taking/were you taking during the spring term of 2012]? Analytic Geometry 0=No 1=Yes,Academic performance/preparation
374,S2APBIOS12,0.0,"What science, computer science, or engineering course or courses are you currently taking?/What science, computer science or engineering course or courses were you taking during the spring term of 2012? Advanced Placement (AP) Biology 0=No 1=Yes",Academic performance/preparation
375,S2LIFES12,0.0,"What science, computer science, or engineering course or courses are you currently taking?/What science, computer science or engineering course or courses were you taking during the spring term of 2012? Life Science 0=No 1=Yes",Academic performance/preparation
376,X1TXMTH,0.0,"The math theta score represents the student's ability level on a continuous scale. The theta score provides a norm-referenced measurement of achievement, that is, an estimate of achievement relative to the population (fall 2009 9th graders) as a whole. It provides information on status compared to peers (as distinguished from the IRT-estimated scale score which represents status with respect to achievement on a particular criterion set of test items). When the score is not available, X1TXMTH1-5 are created as the multiple imputation values for X1TXMTH. X1TXMTH is the mean of X1TXMTH1-5. The standard error of measurement for the theta score is X1TXMSEM. The standardized form of the mathematics theta score is X1TXMTSCOR. See Chapter 2 of the HSLS:09 Base-Year Data File Documentation (NCES 2011-328) for more information on the derivation of the math theta score. Mean Std Deviation Category Min Max Unweighted Unweighted ------------------- ------------------- ------------------- ------------------- ------------------- Continuous -8.0000 3.0283 -0.6693 2.4536",Academic performance/preparation
377,S1SENJOYS,0.0,"Why are you taking [fall 2009 science course]? [If late December or later add: (If you are no longer taking this course, think back to the fall when you answer this question and the questions that follow.)] (Check all that apply.) You really enjoy science You like to be challenged You had no choice, it is a school requirement The school counselor suggested you take it Your parent(s) encouraged you to take it A teacher encouraged you to take it There were no other science courses offered You will need it to get into college You will need it to succeed in college You will need it for your career It was assigned to you Some other reason You don't know why you are taking this course",Career interests and aspirations
