Variable,Description,Wave,Educational Dimension,Missing %,Leakage,Relationship with Target,Final Decision,Justification
X1SEX,"Sex of the sample member, taken from the base year student questionnaire, parent questionnaire, and/or school-provided sampling roster. If the sex indicated by any of these three sources was inconsistent, X1SEX was coded based on manual review of the sample member's first name.","X1 - Base year (Fall 2009, 9th grade)",Demographic or socioeconomic controls,0.03,Low,Strong (Cramer's V=0.293),Include,"Statistical association with target: Strong (Cramer's V=0.293) (supporting evidence only, not decisive)"
X2SEX,"X2SEX is the sample member's sex. The composite is based on data from the BY student questionnaire, parent questionnaire, and/or school-provided sampling roster, and then updated when missing with data from the F1 student questionnaire.","X2 - First follow-up (Spring 2012, 11th grade)",Demographic or socioeconomic controls,0.0,Low,Strong (Cramer's V=0.417),Include,"Statistical association with target: Strong (Cramer's V=0.417) (supporting evidence only, not decisive)"
X3T1CREDPHYS,"Indicates at least one Carnegie unit in Physics, which is the course SCED code(s): 03151, 03161, 03153, 03162, 03197, 03198, 03199, 03152, 03155, 03156, 03157, 03160, 03163, 03164, 03165, 03166. A Carnegie unit is equivalent to a one-year academic course taken one period a day, five days a week.",X3 - 2013 Update / HS transcript (2013),Academic performance,6.7,Low,Moderate (Cramer's V=0.194),Include,"Statistical association with target: Moderate (Cramer's V=0.194) (supporting evidence only, not decisive)"
X2TXMQUINT,"The math quintile score is a norm-referenced measure of achievement. The quintile score divides the weighted (population estimate) achievement distributions into five equal groups, based on math score (X2TXMTSCOR). Quintile 1 corresponds to the lowest-achieving one-fifth of the population, quintile 5 the highest. To determine the quintile cut-points, the weighted distribution of the standardized scores was divided at the 20th, 40th, 60th, and 80th percentiles. See Chapter 2 of the HSLS:09 F1 Data File Documentation (NCES 2014-361) for more information on the derivation of the math quintile score.","X2 - First follow-up (Spring 2012, 11th grade)",Academic performance,12.38,Low,Moderate (Cramer's V=0.161),Include,"Statistical association with target: Moderate (Cramer's V=0.161) (supporting evidence only, not decisive)"
X2TXMTSCOR,"The math standardized T score provides a norm-referenced measurement of achievement, that is, an estimate of achievement relative to the population (fall 2009 9th graders) as a whole. It provides information on status compared to peers (as distinguished from the IRT-estimated percent-correct score which represents status with respect to achievement on a particular criterion set of test items). The standardized T score is a transformation of the IRT theta (ability) estimate, rescaled to a mean of 50 and standard deviation of 10. An advantage of the standardized score over the raw theta score is that it facilitates comparisons in standard deviation units. See Chapter 2 of the HSLS:09 F1 Data File Documentation (NCES 2014-361) for more information on the derivation of the math T score. Mean Std Deviation Category Min Max Unweighted Unweighted ------------------- ------------------- ------------------- ------------------- ------------------- Continuous -8.0000 84.9051 44.1365 21.7789","X2 - First follow-up (Spring 2012, 11th grade)",Academic performance,,Low,Moderate (Eta-sq=0.060),Include,"Statistical association with target: Moderate (Eta-sq=0.060) (supporting evidence only, not decisive)"
X2TXMSCR,The math IRT-estimated number correct is a criterion-referenced measure at the time of the First Follow-up assessment. The criterion is the set of skills defined by both the HSLS:09 Base Year and First Follow-up framework and represented by the 118 items used to score HSLS:09 First Follow-up math assessment. The estimated number correct for math is an estimate of the number of items students would have answered correctly had they responded to all 118 items in the item pool. The ability estimates (Thetas) from the First Follow-up and item parameters derived from the IRT calibration were used to calculate each student's probability of a correct answer for each of the items in the pool. These probabilities are summed to produce the IRT-estimated number-correct scale score. See Chapter 2 of the HSLS:09 F1 Data File Documentation (NCES 2014-361) for more information on the derivation of the math estimate number correct. Mean Std Deviation Category Min Max Unweighted Unweighted ------------------- ------------------- ------------------- ------------------- ------------------- Continuous -8.0000 115.1000 57.9116 30.6156,"X2 - First follow-up (Spring 2012, 11th grade)",Academic performance,,Low,Moderate (Eta-sq=0.083),Include,"Matched >1 dimension keyword set (assigned to Academic performance by priority order) -- verify against Description; Statistical association with target: Moderate (Eta-sq=0.083) (supporting evidence only, not decisive)"
X3T1CREDCALC,"Indicates at least one Carnegie unit in Calculus, which is the course SCED code(s): 02121, 02122, 02123, 02126. A Carnegie unit is equivalent to a one-year academic course taken one period a day, five days a week.",X3 - 2013 Update / HS transcript (2013),Academic performance,6.7,Low,Moderate (Cramer's V=0.238),Include,"Statistical association with target: Moderate (Cramer's V=0.238) (supporting evidence only, not decisive)"
X3T1CREDPREC,"Indicates at least one Carnegie unit in Analysis/Pre-Calculus, which is the course SCED code(s): 02110, 02132. A Carnegie unit is equivalent to a one-year academic course taken one period a day, five days a week.",X3 - 2013 Update / HS transcript (2013),Academic performance,6.7,Low,Moderate (Cramer's V=0.167),Include,"Statistical association with target: Moderate (Cramer's V=0.167) (supporting evidence only, not decisive)"
S2FAVSUBJ,"Not including lunch or study periods, what [is/was] your favorite school subject? 1=English 2=Foreign language 3=Science 4=Art 5=Music 6=Mathematics 7=Physical education or gym 8=Religion 9=Health education 10=Computer science 11=Social studies, history, government, or civics 12=Career preparation class such as health professions, business, or culinary arts 13=Other subject",S2 - First follow-up student survey item (2012),Career interests and aspirations,13.6,Low,Moderate (Cramer's V=0.169),Include,"Statistical association with target: Moderate (Cramer's V=0.169) (supporting evidence only, not decisive)"
S2SEX,Are you... 1=Male or 2=Female? Programming note: Values have been filled with the response from the base year student interview. Administered To: Respondents who did not participate in base year. Crossround Note: This variable is a repeat of the BY variable S1SEX.,S2 - First follow-up student survey item (2012),Demographic or socioeconomic controls,12.48,Low,Moderate (Cramer's V=0.235),Include,"Statistical association with target: Moderate (Cramer's V=0.235) (supporting evidence only, not decisive)"
S1SEX,What is your sex? Male Female,S1 - Base year student survey item (2009),Academic performance,8.87,Low,Moderate (Cramer's V=0.233),Include,"Matched >1 dimension keyword set (assigned to Academic performance by priority order) -- verify against Description; Statistical association with target: Moderate (Cramer's V=0.233) (supporting evidence only, not decisive)"
S2SCAREER,Why [are/were] you taking [science course title] ? Would you say you [are/were] taking it because... you will need it for your career? 1=Yes 0=No,S2 - First follow-up student survey item (2012),Academic performance,33.69,Low,Moderate (Cramer's V=0.182),Include,"Matched >1 dimension keyword set (assigned to Academic performance by priority order) -- verify against Description; Statistical association with target: Moderate (Cramer's V=0.182) (supporting evidence only, not decisive)"
S2CHEM1S12,"What science, computer science, or engineering course or courses are you currently taking?/What science, computer science or engineering course or courses were you taking during the spring term of 2012? Chemistry I 0=No 1=Yes",S2 - First follow-up student survey item (2012),Academic performance,31.72,Low,Weak (Cramer's V=0.082),Include,"Matched >1 dimension keyword set (assigned to Academic performance by priority order) -- verify against Description; Statistical association with target: Weak (Cramer's V=0.082) (supporting evidence only, not decisive)"
S2OTHBIOS12,"What science, computer science, or engineering course or courses are you currently taking?/What science, computer science or engineering course or courses were you taking during the spring term of 2012? Other biological sciences such as botany, marine biology, or zoology 0=No 1=Yes",S2 - First follow-up student survey item (2012),Academic performance,31.72,Low,Weak (Cramer's V=0.071),Include,"Matched >1 dimension keyword set (assigned to Academic performance by priority order) -- verify against Description; Statistical association with target: Weak (Cramer's V=0.071) (supporting evidence only, not decisive)"
S2CHEM2S12,"What science, computer science, or engineering course or courses are you currently taking?/What science, computer science or engineering course or courses were you taking during the spring term of 2012? Chemistry II 0=No 1=Yes",S2 - First follow-up student survey item (2012),Academic performance,31.72,Low,Weak (Cramer's V=0.068),Include,"Matched >1 dimension keyword set (assigned to Academic performance by priority order) -- verify against Description; Statistical association with target: Weak (Cramer's V=0.068) (supporting evidence only, not decisive)"
S2IBCHEM12,"What science, computer science, or engineering course or courses are you currently taking?/What science, computer science or engineering course or courses were you taking during the spring term of 2012? International Baccalaureate (IB) Chemistry 0=No 1=Yes",S2 - First follow-up student survey item (2012),Academic performance,31.72,Low,Weak (Cramer's V=0.068),Include,"Matched >1 dimension keyword set (assigned to Academic performance by priority order) -- verify against Description; Statistical association with target: Weak (Cramer's V=0.068) (supporting evidence only, not decisive)"
S2IBIOS12,"What science, computer science, or engineering course or courses are you currently taking?/What science, computer science or engineering course or courses were you taking during the spring term of 2012? International Baccalaureate (IB) Biology 0=No 1=Yes",S2 - First follow-up student survey item (2012),Academic performance,31.72,Low,Weak (Cramer's V=0.073),Include,"Matched >1 dimension keyword set (assigned to Academic performance by priority order) -- verify against Description; Statistical association with target: Weak (Cramer's V=0.073) (supporting evidence only, not decisive)"
S2ANATOMYS12,"What science, computer science, or engineering course or courses are you currently taking?/What science, computer science or engineering course or courses were you taking during the spring term of 2012? Anatomy or Physiology 0=No 1=Yes",S2 - First follow-up student survey item (2012),Academic performance,31.72,Low,Weak (Cramer's V=0.088),Include,"Matched >1 dimension keyword set (assigned to Academic performance by priority order) -- verify against Description; Statistical association with target: Weak (Cramer's V=0.088) (supporting evidence only, not decisive)"
S2APBIOS12,"What science, computer science, or engineering course or courses are you currently taking?/What science, computer science or engineering course or courses were you taking during the spring term of 2012? Advanced Placement (AP) Biology 0=No 1=Yes",S2 - First follow-up student survey item (2012),Academic performance,31.72,Low,Weak (Cramer's V=0.093),Include,"Matched >1 dimension keyword set (assigned to Academic performance by priority order) -- verify against Description; Statistical association with target: Weak (Cramer's V=0.093) (supporting evidence only, not decisive)"
S2BIO2S12,"What science, computer science, or engineering course or courses are you currently taking?/What science, computer science or engineering course or courses were you taking during the spring term of 2012? Biology II 0=No 1=Yes",S2 - First follow-up student survey item (2012),Academic performance,31.72,Low,Weak (Cramer's V=0.069),Include,"Matched >1 dimension keyword set (assigned to Academic performance by priority order) -- verify against Description; Statistical association with target: Weak (Cramer's V=0.069) (supporting evidence only, not decisive)"
S2BIO1S12,"What science, computer science, or engineering course or courses are you currently taking?/What science, computer science or engineering course or courses were you taking during the spring term of 2012? Biology I 0=No 1=Yes",S2 - First follow-up student survey item (2012),Academic performance,31.72,Low,Weak (Cramer's V=0.075),Include,"Matched >1 dimension keyword set (assigned to Academic performance by priority order) -- verify against Description; Statistical association with target: Weak (Cramer's V=0.075) (supporting evidence only, not decisive)"
S2LIFES12,"What science, computer science, or engineering course or courses are you currently taking?/What science, computer science or engineering course or courses were you taking during the spring term of 2012? Life Science 0=No 1=Yes",S2 - First follow-up student survey item (2012),Academic performance,31.72,Low,Weak (Cramer's V=0.071),Include,"Matched >1 dimension keyword set (assigned to Academic performance by priority order) -- verify against Description; Statistical association with target: Weak (Cramer's V=0.071) (supporting evidence only, not decisive)"
S2SSPR12,"[Are you currently taking any science, computer science or technology courses/Were you taking any science, computer science or technology courses during the spring term of 2012? 1=Yes 0=No",S2 - First follow-up student survey item (2012),Academic performance,16.67,Low,Weak (Cramer's V=0.076),Include,"Matched >1 dimension keyword set (assigned to Academic performance by priority order) -- verify against Description; Statistical association with target: Weak (Cramer's V=0.076) (supporting evidence only, not decisive)"
S2MASSEXCL,How much do you agree or disagree with the following statements about [math course title]/math]? [You [are/were] confident that you [can/could] do an excellent job on assignments in this course. /You are confident that you can do an excellent job on math assignments.] 1=Strongly agree 2=Agree 3=Disagree 4=Strongly disagree,S2 - First follow-up student survey item (2012),Academic performance,14.98,Low,Weak (Cramer's V=0.092),Include,"Matched >1 dimension keyword set (assigned to Academic performance by priority order) -- verify against Description; Statistical association with target: Weak (Cramer's V=0.092) (supporting evidence only, not decisive)"
S2MBORING,How much do you agree or disagree with the following statements about [math course title]/math]? [You [think/thought] this class [is/was] boring./You think math classes are boring.] 1=Strongly agree 2=Agree 3=Disagree 4=Strongly disagree,S2 - First follow-up student survey item (2012),Academic performance,14.87,Low,Weak (Cramer's V=0.076),Include,"Matched >1 dimension keyword set (assigned to Academic performance by priority order) -- verify against Description; Statistical association with target: Weak (Cramer's V=0.076) (supporting evidence only, not decisive)"
S2MTESTS,How much do you agree or disagree with the following statements about [math course title]/math]? [You [are/were] confident that you [can/could] do an excellent job on tests in this course. /You are confident that you can do an excellent job on math tests.] 1=Strongly agree 2=Agree 3=Disagree 4=Strongly disagree,S2 - First follow-up student survey item (2012),Academic performance,14.91,Low,Weak (Cramer's V=0.096),Include,"Matched >1 dimension keyword set (assigned to Academic performance by priority order) -- verify against Description; Statistical association with target: Weak (Cramer's V=0.096) (supporting evidence only, not decisive)"
S2MSKILLS,How much do you agree or disagree with the following statements about [math course title]/math]? [You [are/were] certain that you [can/could] master the skills [being taught/that were taught] in this course./You are certain that you can master math skills.] 1=Strongly agree 2=Agree 3=Disagree 4=Strongly disagree,S2 - First follow-up student survey item (2012),Academic performance,14.83,Low,Weak (Cramer's V=0.093),Include,"Matched >1 dimension keyword set (assigned to Academic performance by priority order) -- verify against Description; Statistical association with target: Weak (Cramer's V=0.093) (supporting evidence only, not decisive)"
S2MWASTE,How much do you agree or disagree with the following statements about [math course title]/math]? [You [think/thought] this class [is/was] a waste of your time. /You think math classes are a waste of your time.] 1=Strongly agree 2=Agree 3=Disagree 4=Strongly disagree,S2 - First follow-up student survey item (2012),Academic performance,14.75,Low,Weak (Cramer's V=0.084),Include,"Matched >1 dimension keyword set (assigned to Academic performance by priority order) -- verify against Description; Statistical association with target: Weak (Cramer's V=0.084) (supporting evidence only, not decisive)"
S2MENJOYING,How much do you agree or disagree with the following statements about [math course title]/math]? [You [are enjoying/enjoyed] this class very much./You enjoy math classes very much.] 1=Strongly agree 2=Agree 3=Disagree 4=Strongly disagree,S2 - First follow-up student survey item (2012),Academic performance,14.6,Low,Weak (Cramer's V=0.096),Include,"Matched >1 dimension keyword set (assigned to Academic performance by priority order) -- verify against Description; Statistical association with target: Weak (Cramer's V=0.096) (supporting evidence only, not decisive)"
S2APCHEM12,"What science, computer science, or engineering course or courses are you currently taking?/What science, computer science or engineering course or courses were you taking during the spring term of 2012? Advanced Placement (AP) Chemistry 0=No 1=Yes",S2 - First follow-up student survey item (2012),Academic performance,31.72,Low,Weak (Cramer's V=0.111),Include,"Matched >1 dimension keyword set (assigned to Academic performance by priority order) -- verify against Description; Statistical association with target: Weak (Cramer's V=0.111) (supporting evidence only, not decisive)"
S2SCLGSUCC,Why [are/were] you taking [science course title] ? Would you say you [are/were] taking it because... you will need it to succeed in college? 1=Yes 0=No,S2 - First follow-up student survey item (2012),Academic performance,33.59,Low,Weak (Cramer's V=0.117),Include,"Statistical association with target: Weak (Cramer's V=0.117) (supporting evidence only, not decisive)"
S2SCLGADM,Why [are/were] you taking [science course title] ? Would you say you [are/were] taking it because... you will need it to get into college? 1=Yes 0=No,S2 - First follow-up student survey item (2012),Academic performance,33.64,Low,Weak (Cramer's V=0.078),Include,"Statistical association with target: Weak (Cramer's V=0.078) (supporting evidence only, not decisive)"
S2SHSREQ,"Why [are/were] you taking [science course title] ? Would you say you [are/were] taking it because... you had no choice, it is a high school requirement? 1=Yes 0=No",S2 - First follow-up student survey item (2012),Academic performance,33.47,Low,Weak (Cramer's V=0.093),Include,"Statistical association with target: Weak (Cramer's V=0.093) (supporting evidence only, not decisive)"
S2SCHALLENGE,Why [are/were] you taking [science course title] ? Would you say you [are/were] taking it because... you like to be challenged? 1=Yes 0=No,S2 - First follow-up student survey item (2012),Academic performance,33.51,Low,Weak (Cramer's V=0.122),Include,"Statistical association with target: Weak (Cramer's V=0.122) (supporting evidence only, not decisive)"
S2SENJOYS,Why [are/were] you taking [science course title] ? Would you say you [are/were] taking it because... you really enjoy science? 1=Yes 0=No,S2 - First follow-up student survey item (2012),Academic performance,33.44,Low,Weak (Cramer's V=0.143),Include,"Statistical association with target: Weak (Cramer's V=0.143) (supporting evidence only, not decisive)"
S2HISCIENCE12,"Of the science courses you [are currently taking/were taking during the spring term of 2012], which [is/was] the most challenging? 1=Life science 2=Biology I 3=Biology II 4=Advanced Placement (AP) Biology 5=International Baccalaureate (IB) Biology 6=Anatomy or Physiology 7=Other biological sciences such as botany, marine biology, or zoology 8=Chemistry I 9=Chemistry II 10=Advanced Placement (AP) Chemistry 11=International Baccalaureate (IB) Chemistry 12=Earth Science 13=Advanced Placement (AP) Environmental Science 14=International Baccalaureate (IB) Environmental Systems and Societies 15=Other earth or environmental sciences such as ecology, geology, oceanography or meteorology 16=Physics I 17=Physics II 18=Advanced Placement (AP) Physics B or C 19=International Baccalaureate (IB) Physics 20=Physical Science 21=Principles of Technology 22=Other physical sciences such as astronomy or electronics 23=Integrated Science I 24=Integrated Science II and above 25=General Science 32=If S2SCRSE32SP is nonmissing fill [S2SCRSE32SP] else fill ""Other science, technology, engineering, or computer science course""",S2 - First follow-up student survey item (2012),Academic performance,33.08,Low,Weak (Eta-sq=0.015),Include,"Matched >1 dimension keyword set (assigned to Academic performance by priority order) -- verify against Description; Statistical association with target: Weak (Eta-sq=0.015) (supporting evidence only, not decisive)"
S2ENGINEER12,"What science, computer science, or engineering course or courses are you currently taking?/What science, computer science or engineering course or courses were you taking during the spring term of 2012? An engineering course such as general engineering, robotics, aeronautical, mechanical or electrical engineering 0=No 1=Yes",S2 - First follow-up student survey item (2012),Academic performance,31.72,Low,Weak (Cramer's V=0.097),Include,"Matched >1 dimension keyword set (assigned to Academic performance by priority order) -- verify against Description; Statistical association with target: Weak (Cramer's V=0.097) (supporting evidence only, not decisive)"
S2OTHCOMP12,"What science, computer science, or engineering course or courses are you currently taking?/What science, computer science or engineering course or courses were you taking during the spring term of 2012? Other computer or information science course 0=No 1=Yes",S2 - First follow-up student survey item (2012),Academic performance,31.72,Low,Weak (Cramer's V=0.080),Include,"Matched >1 dimension keyword set (assigned to Academic performance by priority order) -- verify against Description; Statistical association with target: Weak (Cramer's V=0.080) (supporting evidence only, not decisive)"
S2APCOMPSCI12,"What science, computer science, or engineering course or courses are you currently taking?/What science, computer science or engineering course or courses were you taking during the spring term of 2012? Advanced Placement (AP) Computer Science 0=No 1=Yes",S2 - First follow-up student survey item (2012),Academic performance,31.72,Low,Weak (Cramer's V=0.089),Include,"Matched >1 dimension keyword set (assigned to Academic performance by priority order) -- verify against Description; Statistical association with target: Weak (Cramer's V=0.089) (supporting evidence only, not decisive)"
S2COMPPROG12,"What science, computer science, or engineering course or courses are you currently taking?/What science, computer science or engineering course or courses were you taking during the spring term of 2012? Computer Programming 0=No 1=Yes",S2 - First follow-up student survey item (2012),Academic performance,31.72,Low,Weak (Cramer's V=0.091),Include,"Matched >1 dimension keyword set (assigned to Academic performance by priority order) -- verify against Description; Statistical association with target: Weak (Cramer's V=0.091) (supporting evidence only, not decisive)"
S2COMPAPP12,"What science, computer science, or engineering course or courses are you currently taking?/What science, computer science or engineering course or courses were you taking during the spring term of 2012? Computer Applications 0=No 1=Yes",S2 - First follow-up student survey item (2012),Academic performance,31.72,Low,Weak (Cramer's V=0.079),Include,"Matched >1 dimension keyword set (assigned to Academic performance by priority order) -- verify against Description; Statistical association with target: Weak (Cramer's V=0.079) (supporting evidence only, not decisive)"
S2MTEXTBOOK,How much do you agree or disagree with the following statements about [math course title]/math]? [You [are/were] certain that you [can/could] understand the most difficult material presented in the textbook used in this course./ You are certain that you can understand the most difficult material presented in math textbooks.] 1=Strongly agree 2=Agree 3=Disagree 4=Strongly disagree,S2 - First follow-up student survey item (2012),Academic performance,14.83,Low,Weak (Cramer's V=0.094),Include,"Statistical association with target: Weak (Cramer's V=0.094) (supporting evidence only, not decisive)"
S2INTGS2S12,"What science, computer science, or engineering course or courses are you currently taking?/What science, computer science or engineering course or courses were you taking during the spring term of 2012? Integrated Science II or above 0=No 1=Yes",S2 - First follow-up student survey item (2012),Academic performance,31.72,Low,Weak (Cramer's V=0.070),Include,"Matched >1 dimension keyword set (assigned to Academic performance by priority order) -- verify against Description; Statistical association with target: Weak (Cramer's V=0.070) (supporting evidence only, not decisive)"
S2INTGS1S12,"What science, computer science, or engineering course or courses are you currently taking?/What science, computer science or engineering course or courses were you taking during the spring term of 2012? Integrated Science I 0=No 1=Yes",S2 - First follow-up student survey item (2012),Academic performance,31.72,Low,Weak (Cramer's V=0.069),Include,"Matched >1 dimension keyword set (assigned to Academic performance by priority order) -- verify against Description; Statistical association with target: Weak (Cramer's V=0.069) (supporting evidence only, not decisive)"
S2OTHPHYS12,"What science, computer science, or engineering course or courses are you currently taking?/What science, computer science or engineering course or courses were you taking during the spring term of 2012? Other physical sciences such as astronomy or electronics 0=No 1=Yes",S2 - First follow-up student survey item (2012),Academic performance,31.72,Low,Weak (Cramer's V=0.070),Include,"Matched >1 dimension keyword set (assigned to Academic performance by priority order) -- verify against Description; Statistical association with target: Weak (Cramer's V=0.070) (supporting evidence only, not decisive)"
S2PHYSS12,"What science, computer science, or engineering course or courses are you currently taking?/What science, computer science or engineering course or courses were you taking during the spring term of 2012? Physical Science 0=No 1=Yes",S2 - First follow-up student survey item (2012),Academic performance,31.72,Low,Weak (Cramer's V=0.077),Include,"Matched >1 dimension keyword set (assigned to Academic performance by priority order) -- verify against Description; Statistical association with target: Weak (Cramer's V=0.077) (supporting evidence only, not decisive)"
S2IBPHYSIC12,"What science, computer science, or engineering course or courses are you currently taking?/What science, computer science or engineering course or courses were you taking during the spring term of 2012? International Baccalaureate (IB) Physics 0=No 1=Yes",S2 - First follow-up student survey item (2012),Academic performance,31.72,Low,Weak (Cramer's V=0.073),Include,"Matched >1 dimension keyword set (assigned to Academic performance by priority order) -- verify against Description; Statistical association with target: Weak (Cramer's V=0.073) (supporting evidence only, not decisive)"
S2APPHYSIC12,"What science, computer science, or engineering course or courses are you currently taking?/What science, computer science or engineering course or courses were you taking during the spring term of 2012? Advanced Placement (AP) Physics B or C 0=No 1=Yes",S2 - First follow-up student survey item (2012),Academic performance,31.72,Low,Weak (Cramer's V=0.090),Include,"Matched >1 dimension keyword set (assigned to Academic performance by priority order) -- verify against Description; Statistical association with target: Weak (Cramer's V=0.090) (supporting evidence only, not decisive)"
S2PHYSIC2S12,"What science, computer science, or engineering course or courses are you currently taking?/What science, computer science or engineering course or courses were you taking during the spring term of 2012? Physics II 0=No 1=Yes",S2 - First follow-up student survey item (2012),Academic performance,31.72,Low,Weak (Cramer's V=0.070),Include,"Matched >1 dimension keyword set (assigned to Academic performance by priority order) -- verify against Description; Statistical association with target: Weak (Cramer's V=0.070) (supporting evidence only, not decisive)"
S2PHYSIC1S12,"What science, computer science, or engineering course or courses are you currently taking?/What science, computer science or engineering course or courses were you taking during the spring term of 2012? Physics I 0=No 1=Yes",S2 - First follow-up student survey item (2012),Academic performance,31.72,Low,Weak (Cramer's V=0.078),Include,"Matched >1 dimension keyword set (assigned to Academic performance by priority order) -- verify against Description; Statistical association with target: Weak (Cramer's V=0.078) (supporting evidence only, not decisive)"
S2OTHENVS12,"What science, computer science, or engineering course or courses are you currently taking?/What science, computer science or engineering course or courses were you taking during the spring term of 2012? Other earth or environmental sciences such as ecology, geology, oceanography, or meteorology 0=No 1=Yes",S2 - First follow-up student survey item (2012),Academic performance,31.72,Low,Weak (Cramer's V=0.070),Include,"Matched >1 dimension keyword set (assigned to Academic performance by priority order) -- verify against Description; Statistical association with target: Weak (Cramer's V=0.070) (supporting evidence only, not decisive)"
S2APENVS12,"What science, computer science, or engineering course or courses are you currently taking?/What science, computer science or engineering course or courses were you taking during the spring term of 2012? Advanced Placement (AP) Environmental Science 0=No 1=Yes",S2 - First follow-up student survey item (2012),Academic performance,31.72,Low,Weak (Cramer's V=0.075),Include,"Matched >1 dimension keyword set (assigned to Academic performance by priority order) -- verify against Description; Statistical association with target: Weak (Cramer's V=0.075) (supporting evidence only, not decisive)"
S2EARTHS12,"What science, computer science, or engineering course or courses are you currently taking?/What science, computer science or engineering course or courses were you taking during the spring term of 2012? Earth Science 0=No 1=Yes",S2 - First follow-up student survey item (2012),Academic performance,31.72,Low,Weak (Cramer's V=0.075),Include,"Matched >1 dimension keyword set (assigned to Academic performance by priority order) -- verify against Description; Statistical association with target: Weak (Cramer's V=0.075) (supporting evidence only, not decisive)"
S2GENS12,"What science, computer science, or engineering course or courses are you currently taking?/What science, computer science or engineering course or courses were you taking during the spring term of 2012? General Science 0=No 1=Yes",S2 - First follow-up student survey item (2012),Academic performance,31.72,Low,Weak (Cramer's V=0.070),Include,"Matched >1 dimension keyword set (assigned to Academic performance by priority order) -- verify against Description; Statistical association with target: Weak (Cramer's V=0.070) (supporting evidence only, not decisive)"
S2INTGM112,What math course or courses [are you currently taking/were you taking during the spring term of 2012]? Integrated Math I 0=No 1=Yes,S2 - First follow-up student survey item (2012),Academic performance,25.84,Low,Weak (Cramer's V=0.061),Include,"Matched >1 dimension keyword set (assigned to Academic performance by priority order) -- verify against Description; Statistical association with target: Weak (Cramer's V=0.061) (supporting evidence only, not decisive)"
S2STAT12,What math course or courses [are you currently taking/were you taking during the spring term of 2012]? Other Statistics or Probability 0=No 1=Yes,S2 - First follow-up student survey item (2012),Academic performance,25.84,Low,Weak (Cramer's V=0.056),Include,"Matched >1 dimension keyword set (assigned to Academic performance by priority order) -- verify against Description; Statistical association with target: Weak (Cramer's V=0.056) (supporting evidence only, not decisive)"
S2APSTAT12,What math course or courses [are you currently taking/were you taking during the spring term of 2012]? Advanced Placement (AP) Statistics 0=No 1=Yes,S2 - First follow-up student survey item (2012),Academic performance,25.84,Low,Weak (Cramer's V=0.064),Include,"Matched >1 dimension keyword set (assigned to Academic performance by priority order) -- verify against Description; Statistical association with target: Weak (Cramer's V=0.064) (supporting evidence only, not decisive)"
S2CALC12,What math course or courses [are you currently taking/were you taking during the spring term of 2012]? Other Calculus 0=No 1=Yes,S2 - First follow-up student survey item (2012),Academic performance,25.84,Low,Weak (Cramer's V=0.061),Include,"Matched >1 dimension keyword set (assigned to Academic performance by priority order) -- verify against Description; Statistical association with target: Weak (Cramer's V=0.061) (supporting evidence only, not decisive)"
S2APCALC12,What math course or courses [are you currently taking/were you taking during the spring term of 2012]? Advanced Placement (AP) Calculus AB or BC 0=No 1=Yes,S2 - First follow-up student survey item (2012),Academic performance,25.84,Low,Weak (Cramer's V=0.111),Include,"Matched >1 dimension keyword set (assigned to Academic performance by priority order) -- verify against Description; Statistical association with target: Weak (Cramer's V=0.111) (supporting evidence only, not decisive)"
S2PRECALC12,What math course or courses [are you currently taking/were you taking during the spring term of 2012]? Pre-calculus or Analysis and Functions 0=No 1=Yes,S2 - First follow-up student survey item (2012),Academic performance,25.84,Low,Weak (Cramer's V=0.101),Include,"Matched >1 dimension keyword set (assigned to Academic performance by priority order) -- verify against Description; Statistical association with target: Weak (Cramer's V=0.101) (supporting evidence only, not decisive)"
S2TRIGM12,What math course or courses [are you currently taking/were you taking during the spring term of 2012]? Trigonometry 0=No 1=Yes,S2 - First follow-up student survey item (2012),Academic performance,25.84,Low,Weak (Cramer's V=0.058),Include,"Matched >1 dimension keyword set (assigned to Academic performance by priority order) -- verify against Description; Statistical association with target: Weak (Cramer's V=0.058) (supporting evidence only, not decisive)"
S2ANGEOM12,What math course or courses [are you currently taking/were you taking during the spring term of 2012]? Analytic Geometry 0=No 1=Yes,S2 - First follow-up student survey item (2012),Academic performance,25.84,Low,Weak (Cramer's V=0.054),Include,"Matched >1 dimension keyword set (assigned to Academic performance by priority order) -- verify against Description; Statistical association with target: Weak (Cramer's V=0.054) (supporting evidence only, not decisive)"
S2GEOM12,What math course or courses [are you currently taking/were you taking during the spring term of 2012]? Geometry 0=No 1=Yes,S2 - First follow-up student survey item (2012),Academic performance,25.84,Low,Weak (Cramer's V=0.074),Include,"Matched >1 dimension keyword set (assigned to Academic performance by priority order) -- verify against Description; Statistical association with target: Weak (Cramer's V=0.074) (supporting evidence only, not decisive)"
S2ALG3M12,What math course or courses [are you currently taking/were you taking during the spring term of 2012]? Algebra III 0=No 1=Yes,S2 - First follow-up student survey item (2012),Academic performance,25.84,Low,Weak (Cramer's V=0.056),Include,"Matched >1 dimension keyword set (assigned to Academic performance by priority order) -- verify against Description; Statistical association with target: Weak (Cramer's V=0.056) (supporting evidence only, not decisive)"
S2MONTIME,How often [do/did] you do these things in [math course title]? You [turn/turned] in your assignments and projects on time. 1=Never 2=Less than half of the time 3=Half of the time 4=More than half of the time 5=Always,S2 - First follow-up student survey item (2012),Academic performance,26.83,Low,Weak (Cramer's V=0.068),Include,"Statistical association with target: Weak (Cramer's V=0.068) (supporting evidence only, not decisive)"
S2ALG1M12,"What math course or courses [are you currently taking/were you taking during the spring term of 2012]? Algebra I, 1A or 1B 0=No 1=Yes",S2 - First follow-up student survey item (2012),Academic performance,25.84,Low,Weak (Cramer's V=0.066),Include,"Matched >1 dimension keyword set (assigned to Academic performance by priority order) -- verify against Description; Statistical association with target: Weak (Cramer's V=0.066) (supporting evidence only, not decisive)"
S2PREALGM12,What math course or courses [are you currently taking/were you taking during the spring term of 2012]? Pre-algebra 0=No 1=Yes,S2 - First follow-up student survey item (2012),Academic performance,25.84,Low,Weak (Cramer's V=0.059),Include,"Matched >1 dimension keyword set (assigned to Academic performance by priority order) -- verify against Description; Statistical association with target: Weak (Cramer's V=0.059) (supporting evidence only, not decisive)"
S2MSPR12,[Are you currently/Were you] taking a math course [during the spring term of 2012?] 1=Yes 0=No,S2 - First follow-up student survey item (2012),Academic performance,16.29,Low,Weak (Cramer's V=0.065),Include,"Statistical association with target: Weak (Cramer's V=0.065) (supporting evidence only, not decisive)"
S2ANYAP,Have you taken any Advanced Placement (AP) courses? [Include any courses you are taking now.] 1=Yes 2=No 3=You don't know what an AP course is Administered To: All respondents.,S2 - First follow-up student survey item (2012),Academic performance,13.41,Low,Weak (Cramer's V=0.120),Include,"Matched >1 dimension keyword set (assigned to Academic performance by priority order) -- verify against Description; Statistical association with target: Weak (Cramer's V=0.120) (supporting evidence only, not decisive)"
S2ALG1GRADE,What was your final grade in Algebra I? 1=A (between 90-100) 2=B (between 80-89) 3=C (between 70-79) 4=D (between 60-69) 5=Below D (anything less than 60) 6=Your class was not graded 7=You haven't completed the course yet Administered To: Respondents who took Algebra I.,S2 - First follow-up student survey item (2012),Academic performance,15.99,Low,Weak (Cramer's V=0.085),Include,"Statistical association with target: Weak (Cramer's V=0.085) (supporting evidence only, not decisive)"
S2ALG1WHEN,"What grade were you in when you took Algebra I? [(If you have taken it more than once, answer for your most recent course. If you are currently taking Algebra I, choose your current grade.) / (If you have taken it more than once, answer for your most recent course.)] 1=8th grade or earlier 2=9th grade 3=10th grade 4=11th grade 5=12th grade 6=You have not taken Algebra I yet Administered To: All respondents. ""12th grade"" recoced as ""11th or 12th grade"" on the public use file.",S2 - First follow-up student survey item (2012),Academic performance,13.54,Low,Weak (Cramer's V=0.099),Include,"Statistical association with target: Weak (Cramer's V=0.099) (supporting evidence only, not decisive)"
S2COST4YPRV,What is your best estimate of the cost of one year's tuition and required fees at a typical private 4-year college ? (Please include the cost of courses and required fees such as student activity fees and student health fees. Do not include optional expenses such as room and board.) $ per year Administered To: All respondents. Sparse values recoded to similar values on the public use file. Mean Std Deviation Category Min Max Unweighted Unweighted ------------------- ------------------- ------------------- ------------------- ------------------- Continuous -9.00 100000.00 13547.30 21128.04,S2 - First follow-up student survey item (2012),Academic performance,,Low,Weak (Eta-sq=0.021),Include,"Matched >1 dimension keyword set (assigned to Academic performance by priority order) -- verify against Description; Statistical association with target: Weak (Eta-sq=0.021) (supporting evidence only, not decisive)"
S2FAMILYWENT,How important to you [will/would] each of the following characteristics be when choosing a school or college to attend after high school? A family member went there 1=Very important 2=Somewhat important 3=Not at all important,S2 - First follow-up student survey item (2012),Demographic or socioeconomic controls,16.39,Low,Weak (Cramer's V=0.059),Include,"Statistical association with target: Weak (Cramer's V=0.059) (supporting evidence only, not decisive)"
S2FAMREC,How important to you [will/would] each of the following characteristics be when choosing a school or college to attend after high school? Recommended by family or friends 1=Very important 2=Somewhat important 3=Not at all important,S2 - First follow-up student survey item (2012),Demographic or socioeconomic controls,16.23,Low,Weak (Cramer's V=0.063),Include,"Statistical association with target: Weak (Cramer's V=0.063) (supporting evidence only, not decisive)"
S2JOBPLC,How important to you [will/would] each of the following characteristics be when choosing a school or college to attend after high school? A good record of placing graduates in jobs 1=Very important 2=Somewhat important 3=Not at all important,S2 - First follow-up student survey item (2012),Career interests and aspirations,16.26,Low,Weak (Cramer's V=0.060),Include,"Statistical association with target: Weak (Cramer's V=0.060) (supporting evidence only, not decisive)"
S2MOSTIMP2013,Which of these activities do your parents think is most important for you to do in the fall of 2013? 1=Continuing your education after high school 2=Working 3=Serving in the military 4=Starting a family or taking care of your children 5=Attending high school or a GED completion course,S2 - First follow-up student survey item (2012),Academic performance,13.09,Low,Weak (Cramer's V=0.063),Include,"Matched >1 dimension keyword set (assigned to Academic performance by priority order) -- verify against Description; Statistical association with target: Weak (Cramer's V=0.063) (supporting evidence only, not decisive)"
S2ALG2M12,What math course or courses [are you currently taking/were you taking during the spring term of 2012]? Algebra II 0=No 1=Yes,S2 - First follow-up student survey item (2012),Academic performance,25.84,Low,Weak (Cramer's V=0.100),Include,"Matched >1 dimension keyword set (assigned to Academic performance by priority order) -- verify against Description; Statistical association with target: Weak (Cramer's V=0.100) (supporting evidence only, not decisive)"
S2MGETBY,How often [do/did] you do these things in [math course title]? You [do/did] as little work as possible; you just [want/wanted] to get by. 1=Never 2=Less than half of the time 3=Half of the time 4=More than half of the time 5=Always,S2 - First follow-up student survey item (2012),Academic performance,26.89,Low,Weak (Cramer's V=0.058),Include,"Statistical association with target: Weak (Cramer's V=0.058) (supporting evidence only, not decisive)"
S2MSTOPTRYING,"How often [do/did] you do these things in [math course title]? When an assignment [is/was] very difficult, you [stop/stopped] trying. 1=Never 2=Less than half of the time 3=Half of the time 4=More than half of the time 5=Always",S2 - First follow-up student survey item (2012),Academic performance,26.78,Low,Weak (Cramer's V=0.059),Include,"Statistical association with target: Weak (Cramer's V=0.059) (supporting evidence only, not decisive)"
S2SCNSLREC,Why [are/were] you taking [science course title] ? Would you say you [are/were] taking it because... a high school counselor suggested you take it? 1=Yes 0=No,S2 - First follow-up student survey item (2012),Academic performance,33.67,Low,Weak (Cramer's V=0.070),Include,"Matched >1 dimension keyword set (assigned to Academic performance by priority order) -- verify against Description; Statistical association with target: Weak (Cramer's V=0.070) (supporting evidence only, not decisive)"
S2MATTENTION,How often [do/did] you do these things in [math course title]? You [pay/paid] attention to the teacher. 1=Never 2=Less than half of the time 3=Half of the time 4=More than half of the time 5=Always,S2 - First follow-up student survey item (2012),Academic performance,26.69,Low,Weak (Cramer's V=0.057),Include,"Statistical association with target: Weak (Cramer's V=0.057) (supporting evidence only, not decisive)"
S2MTCHTHINK,"How much do you agree or disagree with the following statements about your teacher for [math course title]? Remember, none of your teachers or your principal will see any of the answers you provide. Your teacher... [wants/wanted] students to think, not just memorize things. 1=Strongly agree 2=Agree 3=Disagree 4=Strongly disagree",S2 - First follow-up student survey item (2012),Academic performance,26.67,Low,Weak (Cramer's V=0.058),Include,"Statistical association with target: Weak (Cramer's V=0.058) (supporting evidence only, not decisive)"
S2MTCHEASY,"How much do you agree or disagree with the following statements about your teacher for [math course title]? Remember, none of your teachers or your principal will see any of the answers you provide. Your teacher... [makes/made] math easy to understand. 1=Strongly agree 2=Agree 3=Disagree 4=Strongly disagree",S2 - First follow-up student survey item (2012),Academic performance,26.62,Low,Weak (Cramer's V=0.060),Include,"Statistical association with target: Weak (Cramer's V=0.060) (supporting evidence only, not decisive)"
S2MTCHINTRST,"How much do you agree or disagree with the following statements about your teacher for [math course title]? Remember, none of your teachers or your principal will see any of the answers you provide. Your teacher... [makes/made] math interesting. 1=Strongly agree 2=Agree 3=Disagree 4=Strongly disagree",S2 - First follow-up student survey item (2012),Academic performance,26.61,Low,Weak (Cramer's V=0.066),Include,"Matched >1 dimension keyword set (assigned to Academic performance by priority order) -- verify against Description; Statistical association with target: Weak (Cramer's V=0.066) (supporting evidence only, not decisive)"
S2MASSIGNED,Why [are/were] you taking [math course title] ? Would you say you [are/were] taking it because... it was assigned to you? 1=Yes 0=No,S2 - First follow-up student survey item (2012),Academic performance,26.58,Low,Weak (Cramer's V=0.076),Include,"Statistical association with target: Weak (Cramer's V=0.076) (supporting evidence only, not decisive)"
S2MDOWELL,Why [are/were] you taking [math course title] ? Would you say you [are/were] taking it because... you do well in math? 1=Yes 0=No,S2 - First follow-up student survey item (2012),Academic performance,26.58,Low,Weak (Cramer's V=0.113),Include,"Matched >1 dimension keyword set (assigned to Academic performance by priority order) -- verify against Description; Statistical association with target: Weak (Cramer's V=0.113) (supporting evidence only, not decisive)"
S2MFRIEND,Why [are/were] you taking [math course title] ? Would you say you [are/were] taking it because... your friends were taking it? 1=Yes 0=No,S2 - First follow-up student survey item (2012),Academic performance,26.59,Low,Weak (Cramer's V=0.062),Include,"Statistical association with target: Weak (Cramer's V=0.062) (supporting evidence only, not decisive)"
S2MFAMREC,Why [are/were] you taking [math course title] ? Would you say you [are/were] taking it because... another family member encouraged you to take it? 1=Yes 0=No,S2 - First follow-up student survey item (2012),Academic performance,26.57,Low,Weak (Cramer's V=0.059),Include,"Matched >1 dimension keyword set (assigned to Academic performance by priority order) -- verify against Description; Statistical association with target: Weak (Cramer's V=0.059) (supporting evidence only, not decisive)"
S2INTGM212,What math course or courses [are you currently taking/were you taking during the spring term of 2012]? Integrated Math II 0=No 1=Yes,S2 - First follow-up student survey item (2012),Academic performance,25.84,Low,Weak (Cramer's V=0.056),Include,"Matched >1 dimension keyword set (assigned to Academic performance by priority order) -- verify against Description; Statistical association with target: Weak (Cramer's V=0.056) (supporting evidence only, not decisive)"
S2MTCHRREC,Why [are/were] you taking [math course title] ? Would you say you [are/were] taking it because... a teacher encouraged you to take it? 1=Yes 0=No,S2 - First follow-up student survey item (2012),Academic performance,26.42,Low,Weak (Cramer's V=0.071),Include,"Statistical association with target: Weak (Cramer's V=0.071) (supporting evidence only, not decisive)"
S2MCNSLREC,Why [are/were] you taking [math course title] ? Would you say you [are/were] taking it because... a high school counselor suggested you take it? 1=Yes 0=No,S2 - First follow-up student survey item (2012),Academic performance,26.37,Low,Weak (Cramer's V=0.057),Include,"Matched >1 dimension keyword set (assigned to Academic performance by priority order) -- verify against Description; Statistical association with target: Weak (Cramer's V=0.057) (supporting evidence only, not decisive)"
S2MCAREER,Why [are/were] you taking [math course title] ? Would you say you [are/were] taking it because... you will need it for your career? 1=Yes 0=No,S2 - First follow-up student survey item (2012),Academic performance,26.52,Low,Weak (Cramer's V=0.139),Include,"Matched >1 dimension keyword set (assigned to Academic performance by priority order) -- verify against Description; Statistical association with target: Weak (Cramer's V=0.139) (supporting evidence only, not decisive)"
S2MCLGSUCC,Why [are/were] you taking [math course title] ? Would you say you [are/were] taking it because... you will need it to succeed in college? 1=Yes 0=No,S2 - First follow-up student survey item (2012),Academic performance,26.51,Low,Weak (Cramer's V=0.083),Include,"Statistical association with target: Weak (Cramer's V=0.083) (supporting evidence only, not decisive)"
S2MCLGADM,Why [are/were] you taking [math course title] ? Would you say you [are/were] taking it because... you will need it to get into college? 1=Yes 0=No,S2 - First follow-up student survey item (2012),Academic performance,26.41,Low,Weak (Cramer's V=0.062),Include,"Statistical association with target: Weak (Cramer's V=0.062) (supporting evidence only, not decisive)"
S2MHSREQ,"Why [are/were] you taking [math course title] ? Would you say you [are/were] taking it because... you had no choice, it is a high school requirement? 1=Yes 0=No",S2 - First follow-up student survey item (2012),Academic performance,26.32,Low,Weak (Cramer's V=0.097),Include,"Statistical association with target: Weak (Cramer's V=0.097) (supporting evidence only, not decisive)"
S2MCHALLENGE,Why [are/were] you taking [math course title] ? Would you say you [are/were] taking it because... you like to be challenged? 1=Yes 0=No,S2 - First follow-up student survey item (2012),Academic performance,26.49,Low,Weak (Cramer's V=0.117),Include,"Statistical association with target: Weak (Cramer's V=0.117) (supporting evidence only, not decisive)"
S2MENJOYS,Why [are/were] you taking [math course title] ? Would you say you [are/were] taking it because... you really enjoy math? 1=Yes 0=No,S2 - First follow-up student survey item (2012),Academic performance,26.37,Low,Weak (Cramer's V=0.131),Include,"Statistical association with target: Weak (Cramer's V=0.131) (supporting evidence only, not decisive)"
S2HIMATH12,"Of the math courses you [are currently taking/were taking during the spring term of 2012], which [is/was] the most challenging? 1=Pre-Algebra 2=Algebra I, 1A or 1B 3=Algebra II 4=Algebra III 5=Geometry 6=Analytic Geometry 7=Trigonometry 8=Pre-calculus or Analysis and Functions 9=Advanced Placement (AP) Calculus AB or BC 10=Other Calculus 11=Advanced Placement (AP) Statistics or Probability 12=Other Statistics or Probability 13=Integrated Math I 14=Integrated Math II 15=Integrated Math III or above 16=International Baccalaureate (IB) mathematics standard level 17=International Baccalaureate (IB) mathematics higher level 18=Business, Consumer, General, Applied, Technical, Functional, or Review math 19=If S2MCRSE19SP is nonmissing fill [S2MCRSE19SP] else fill Other math course",S2 - First follow-up student survey item (2012),Academic performance,26.16,Low,Weak (Eta-sq=0.022),Include,"Matched >1 dimension keyword set (assigned to Academic performance by priority order) -- verify against Description; Statistical association with target: Weak (Eta-sq=0.022) (supporting evidence only, not decisive)"
S2REVIEWM12,"What math course or courses [are you currently taking/were you taking during the spring term of 2012]? Business, Consumer, General, Applied, Technical, Functional, or Review math 0=No 1=Yes",S2 - First follow-up student survey item (2012),Academic performance,25.84,Low,Weak (Cramer's V=0.065),Include,"Matched >1 dimension keyword set (assigned to Academic performance by priority order) -- verify against Description; Statistical association with target: Weak (Cramer's V=0.065) (supporting evidence only, not decisive)"
S2INTGM312,What math course or courses [are you currently taking/were you taking during the spring term of 2012]? Integrated Math III or above 0=No 1=Yes,S2 - First follow-up student survey item (2012),Academic performance,25.84,Low,Weak (Cramer's V=0.055),Include,"Matched >1 dimension keyword set (assigned to Academic performance by priority order) -- verify against Description; Statistical association with target: Weak (Cramer's V=0.055) (supporting evidence only, not decisive)"
S2MPARREC,Why [are/were] you taking [math course title] ? Would you say you [are/were] taking it because... your parents encouraged you to take it? 1=Yes 0=No,S2 - First follow-up student survey item (2012),Academic performance,26.47,Low,Weak (Cramer's V=0.078),Include,"Statistical association with target: Weak (Cramer's V=0.078) (supporting evidence only, not decisive)"
X2SES3,"This variable contains the imputed value (3 of 5) for X2SES, generated through a multiple imputation model, for responding students without a responding parent/guardian. X2SES is the mean of X2SES1-X2SES5. Mean Std Deviation Category Min Max Unweighted Unweighted ------------------- ------------------- ------------------- ------------------- ------------------- Continuous -8.0000 2.3663 -0.8089 2.6307","X2 - First follow-up (Spring 2012, 11th grade)",Demographic or socioeconomic controls,,Low,Weak (Eta-sq=0.016),Include,"Statistical association with target: Weak (Eta-sq=0.016) (supporting evidence only, not decisive)"
X2SES2,"This variable contains the imputed value (2 of 5) for X2SES, generated through a multiple imputation model, for responding students without a responding parent/guardian. X2SES is the mean of X2SES1-X2SES5. Mean Std Deviation Category Min Max Unweighted Unweighted ------------------- ------------------- ------------------- ------------------- ------------------- Continuous -8.0000 2.4508 -0.8098 2.6306","X2 - First follow-up (Spring 2012, 11th grade)",Demographic or socioeconomic controls,,Low,Weak (Eta-sq=0.015),Include,"Statistical association with target: Weak (Eta-sq=0.015) (supporting evidence only, not decisive)"
X2SES1,"This variable contains the imputed value (1 of 5) for X2SES, generated through a multiple imputation model, for responding students without a responding parent/guardian. X2SES is the mean of X2SES1-X2SES5. Mean Std Deviation Category Min Max Unweighted Unweighted ------------------- ------------------- ------------------- ------------------- ------------------- Continuous -8.0000 2.5097 -0.8077 2.6294","X2 - First follow-up (Spring 2012, 11th grade)",Demographic or socioeconomic controls,,Low,Weak (Eta-sq=0.016),Include,"Statistical association with target: Weak (Eta-sq=0.016) (supporting evidence only, not decisive)"
X2TXMTH5,"Mathematics theta score multiple imputation value (5 of 5). When the math test data were missing for student survey respondents, the math theta score was imputed with multiple imputation technique, with 5 imputed values. X2TXMTH is the mean of X2TXMTH1-5. The theta score provides a norm-referenced measurement of achievement, that is, an estimate of achievement relative to the population (fall 2009 9th graders) as a whole. It provides information on status compared to peers (as distinguished from the IRT-estimated scale score which represents status with respect to achievement on a particular criterion set of test items). The associated theta score is X2TXMTH. The standardized form of the theta score is X2TXMTSCOR. Mean Std Deviation Category Min Max Unweighted Unweighted ------------------- ------------------- ------------------- ------------------- ------------------- Continuous -8.0000 4.5046 -0.3611 3.0739","X2 - First follow-up (Spring 2012, 11th grade)",Academic performance,,Low,Weak (Eta-sq=0.046),Include,"Statistical association with target: Weak (Eta-sq=0.046) (supporting evidence only, not decisive)"
X2TXMTH4,"Mathematics theta score multiple imputation value (4 of 5). When the math test data were missing for student survey respondents, the math theta score was imputed with multiple imputation technique, with 5 imputed values. X2TXMTH is the mean of X2TXMTH1-5. The theta score provides a norm-referenced measurement of achievement, that is, an estimate of achievement relative to the population (fall 2009 9th graders) as a whole. It provides information on status compared to peers (as distinguished from the IRT-estimated scale score which represents status with respect to achievement on a particular criterion set of test items). The associated theta score is X2TXMTH. The standardized form of the theta score is X2TXMTSCOR. Mean Std Deviation Category Min Max Unweighted Unweighted ------------------- ------------------- ------------------- ------------------- ------------------- Continuous -8.0000 4.7052 -0.3624 3.0745","X2 - First follow-up (Spring 2012, 11th grade)",Academic performance,,Low,Weak (Eta-sq=0.046),Include,"Statistical association with target: Weak (Eta-sq=0.046) (supporting evidence only, not decisive)"
X2TXMTH3,"Mathematics theta score multiple imputation value (3 of 5). When the math test data were missing for student survey respondents, the math theta score was imputed with multiple imputation technique, with 5 imputed values. X2TXMTH is the mean of X2TXMTH1-5. The theta score provides a norm-referenced measurement of achievement, that is, an estimate of achievement relative to the population (fall 2009 9th graders) as a whole. It provides information on status compared to peers (as distinguished from the IRT-estimated scale score which represents status with respect to achievement on a particular criterion set of test items). The associated theta score is X2TXMTH. The standardized form of the theta score is X2TXMTSCOR. Mean Std Deviation Category Min Max Unweighted Unweighted ------------------- ------------------- ------------------- ------------------- ------------------- Continuous -8.0000 4.5046 -0.3644 3.0731","X2 - First follow-up (Spring 2012, 11th grade)",Academic performance,,Low,Weak (Eta-sq=0.046),Include,"Statistical association with target: Weak (Eta-sq=0.046) (supporting evidence only, not decisive)"
X2TXMTH2,"Mathematics theta score multiple imputation value (2 of 5). When the math test data were missing for student survey respondents, the math theta score was imputed with multiple imputation technique, with 5 imputed values. X2TXMTH is the mean of X2TXMTH1-5. The theta score provides a norm-referenced measurement of achievement, that is, an estimate of achievement relative to the population (fall 2009 9th graders) as a whole. It provides information on status compared to peers (as distinguished from the IRT-estimated scale score which represents status with respect to achievement on a particular criterion set of test items). The associated theta score is X2TXMTH. The standardized form of the theta score is X2TXMTSCOR. Mean Std Deviation Category Min Max Unweighted Unweighted ------------------- ------------------- ------------------- ------------------- ------------------- Continuous -8.0000 4.7769 -0.3612 3.0735","X2 - First follow-up (Spring 2012, 11th grade)",Academic performance,,Low,Weak (Eta-sq=0.046),Include,"Statistical association with target: Weak (Eta-sq=0.046) (supporting evidence only, not decisive)"
X1TXMQUINT,"The math quintile score is a norm-referenced measure of achievement. The quintile score divides the weighted (population estimate) achievement distributions into five equal groups, based on math score (X1TXMTSCOR). Quintile 1 corresponds to the lowest-achieving one-fifth of the population, quintile 5 the highest. To determine the quintile cut-points, the weighted distribution of the standardized scores was divided at the 20th, 40th, 60th, and 80th percentiles. Cut points were matched to unrounded standardized scores. See Chapter 2 of the HSLS:09 Base-Year Data File Documentation (NCES 2011-328) for more information on the derivation of the math quintile score.","X1 - Base year (Fall 2009, 9th grade)",Academic performance,8.76,Low,Weak (Cramer's V=0.136),Include,"Statistical association with target: Weak (Cramer's V=0.136) (supporting evidence only, not decisive)"
P1MUSEUM,"During the last 12 months, which of the following activities have you or another family member done with [your 9th-grader]? (Check all that apply.) Visited a zoo, planetarium, natural history museum, transportation museum, or a similar museum Worked or played on a computer together Built or fixed something such as a vehicle or appliance Attended a school science fair Helped [your 9th-grader] with a school science fair project Discussed a program or article about math, science, or technology Visited a library Gone to a play, concert, or other live show None of these",P1 - Base year parent survey (2009),Academic performance,34.27,Low,Weak (Cramer's V=0.056),Include,"Matched >1 dimension keyword set (assigned to Academic performance by priority order) -- verify against Description; Statistical association with target: Weak (Cramer's V=0.056) (supporting evidence only, not decisive)"
P1NOOUTSCH,"During the last 12 months, has [your 9th-grader] participated in any of the following activities outside of school? (Check all that apply.) Music, dance, art, or theater Organized sports supervised by an adult Religious youth group or religious instruction Scouting or another group or club activity Academic instruction outside of school such as from a Saturday Academy, learning center, personal tutor or summer school program A math or science camp Another camp None of these",P1 - Base year parent survey (2009),Academic performance,34.61,Low,Weak (Cramer's V=0.056),Include,"Statistical association with target: Weak (Cramer's V=0.056) (supporting evidence only, not decisive)"
S2SFRIEND,Why [are/were] you taking [science course title] ? Would you say you [are/were] taking it because... your friends were taking it? 1=Yes 0=No,S2 - First follow-up student survey item (2012),Academic performance,33.86,Low,Weak (Cramer's V=0.072),Include,"Statistical association with target: Weak (Cramer's V=0.072) (supporting evidence only, not decisive)"
P1CAMPMS,"During the last 12 months, has [your 9th-grader] participated in any of the following activities outside of school? (Check all that apply.) Music, dance, art, or theater Organized sports supervised by an adult Religious youth group or religious instruction Scouting or another group or club activity Academic instruction outside of school such as from a Saturday Academy, learning center, personal tutor or summer school program A math or science camp Another camp None of these",P1 - Base year parent survey (2009),Academic performance,34.61,Low,Weak (Cramer's V=0.060),Include,"Statistical association with target: Weak (Cramer's V=0.060) (supporting evidence only, not decisive)"
P1SPORTS,"During the last 12 months, has [your 9th-grader] participated in any of the following activities outside of school? (Check all that apply.) Music, dance, art, or theater Organized sports supervised by an adult Religious youth group or religious instruction Scouting or another group or club activity Academic instruction outside of school such as from a Saturday Academy, learning center, personal tutor or summer school program A math or science camp Another camp None of these",P1 - Base year parent survey (2009),Academic performance,34.61,Low,Weak (Cramer's V=0.081),Include,"Statistical association with target: Weak (Cramer's V=0.081) (supporting evidence only, not decisive)"
P1ARTS,"During the last 12 months, has [your 9th-grader] participated in any of the following activities outside of school? (Check all that apply.) Music, dance, art, or theater Organized sports supervised by an adult Religious youth group or religious instruction Scouting or another group or club activity Academic instruction outside of school such as from a Saturday Academy, learning center, personal tutor or summer school program A math or science camp Another camp None of these",P1 - Base year parent survey (2009),Academic performance,34.61,Low,Weak (Cramer's V=0.091),Include,"Statistical association with target: Weak (Cramer's V=0.091) (supporting evidence only, not decisive)"
P1SCIHWEFF,How confident do you feel about your ability to help [your 9th-grader] with the homework [he/she] has this year in each of the following subjects? Science Very confident Somewhat confident Not at all confident,P1 - Base year parent survey (2009),Academic performance,33.5,Low,Weak (Cramer's V=0.051),Include,"Matched >1 dimension keyword set (assigned to Academic performance by priority order) -- verify against Description; Statistical association with target: Weak (Cramer's V=0.051) (supporting evidence only, not decisive)"
P1VOLUNTEER,"Since the beginning of this school year (2009-2010), have you or other adults in your household... served as a volunteer in [your 9th-grader]'s classroom or elsewhere in the school? Yes No",P1 - Base year parent survey (2009),Academic performance,33.97,Low,Weak (Cramer's V=0.056),Include,"Statistical association with target: Weak (Cramer's V=0.056) (supporting evidence only, not decisive)"
P1SCHEVENT,"Since the beginning of this school year (2009-2010), have you or other adults in your household... attended a school or class event such as a play, dance, sports event or science fair because of [your 9th-grader]? Yes No",P1 - Base year parent survey (2009),Academic performance,33.98,Low,Weak (Cramer's V=0.061),Include,"Statistical association with target: Weak (Cramer's V=0.061) (supporting evidence only, not decisive)"
P1PERFORM,"During the last school year (2008-2009), how many times were you or another family member contacted by the school about [your 9th-grader]'s� poor academic performance? Never Once or twice Three or four times More than four times",P1 - Base year parent survey (2009),Academic performance,34.18,Low,Weak (Cramer's V=0.077),Include,"Matched >1 dimension keyword set (assigned to Academic performance by priority order) -- verify against Description; Statistical association with target: Weak (Cramer's V=0.077) (supporting evidence only, not decisive)"
P1BEHAVE,"During the last school year (2008-2009), how many times were you or another family member contacted by the school about [your 9th-grader]'s� problem behavior in school? Never Once or twice Three or four times More than four times",P1 - Base year parent survey (2009),Academic performance,33.93,Low,Weak (Cramer's V=0.063),Include,"Matched >1 dimension keyword set (assigned to Academic performance by priority order) -- verify against Description; Statistical association with target: Weak (Cramer's V=0.063) (supporting evidence only, not decisive)"
P1SUSPEND,"Since starting kindergarten, has [he/she] ever been suspended or expelled from school? Do not count detentions. Yes No",P1 - Base year parent survey (2009),Academic performance,32.89,Low,Weak (Cramer's V=0.065),Include,"Matched >1 dimension keyword set (assigned to Academic performance by priority order) -- verify against Description; Statistical association with target: Weak (Cramer's V=0.065) (supporting evidence only, not decisive)"
P1HONORS,Is [your 9th-grader] currently enrolled in any honors classes? Yes No,P1 - Base year parent survey (2009),Academic performance,34.41,Low,Weak (Cramer's V=0.126),Include,"Matched >1 dimension keyword set (assigned to Academic performance by priority order) -- verify against Description; Statistical association with target: Weak (Cramer's V=0.126) (supporting evidence only, not decisive)"
P1MOOD,"Compared with other 9th graders, would you say [your 9th-grader] experiences a lot, a little, or no difficulty in the following areas? Feeling anxious or depressed A lot of difficulty A little difficulty No difficulty",P1 - Base year parent survey (2009),Academic performance,34.11,Low,Weak (Cramer's V=0.059),Include,"Statistical association with target: Weak (Cramer's V=0.059) (supporting evidence only, not decisive)"
P1CAMPOTH,"During the last 12 months, has [your 9th-grader] participated in any of the following activities outside of school? (Check all that apply.) Music, dance, art, or theater Organized sports supervised by an adult Religious youth group or religious instruction Scouting or another group or club activity Academic instruction outside of school such as from a Saturday Academy, learning center, personal tutor or summer school program A math or science camp Another camp None of these",P1 - Base year parent survey (2009),Academic performance,34.61,Low,Weak (Cramer's V=0.055),Include,"Statistical association with target: Weak (Cramer's V=0.055) (supporting evidence only, not decisive)"
X1SCIID,"This variable is a scale of the sample member's science identity. Sample members who tend to agree with the statements ""You see yourself as a science person"" and/or ""Others see me as a science person"" will have higher values for X1SCIID. Variable was created through principal components factor analysis (weighted by W1STUDENT) and standardized to a mean of 0 and standard deviation of 1. The inputs to this scale were S1SPERSON1 and S1SPERSON2. Only respondents who provided a full set of responses were assigned a scale value. The coefficient of reliability (alpha) for the scale is .65 or higher. For more information on this scale score, please see chapter 5 of the Base-Year Data File Documentation (NCES 2011-328). Mean Std Deviation Category Min Max Unweighted Unweighted ------------------- ------------------- ------------------- ------------------- ------------------- Continuous -9.00 2.15 -0.79 2.66","X1 - Base year (Fall 2009, 9th grade)",Skills and self-efficacy,,Low,Weak (Eta-sq=0.011),Include,"Matched >1 dimension keyword set (assigned to Skills and self-efficacy by priority order) -- verify against Description; Statistical association with target: Weak (Eta-sq=0.011) (supporting evidence only, not decisive)"
X1MTHID,"This variable is a scale of the sample member's math identity. Sample members who tend to agree with the statements ""You see yourself as a math person"" and/or ""Others see me as a math person"" will have higher values for X1MTHID. This variable was created through principal components factor analysis (weighted by W1STUDENT) and standardized to a mean of 0 and standard deviation of 1. The inputs to this scale were S1MPERSON1 and S1MPERSON2. Only respondents who provided a full set of responses were assigned a scale value. The coefficient of reliability (alpha) for the scale is .65 or higher. For more information on this scale score, please see chapter 5 of the Base-Year Data File Documentation (NCES 2011-328). Mean Std Deviation Category Min Max Unweighted Unweighted ------------------- ------------------- ------------------- ------------------- ------------------- Continuous -9.00 1.76 -0.78 2.63","X1 - Base year (Fall 2009, 9th grade)",Skills and self-efficacy,,Low,Weak (Eta-sq=0.011),Include,"Matched >1 dimension keyword set (assigned to Skills and self-efficacy by priority order) -- verify against Description; Statistical association with target: Weak (Eta-sq=0.011) (supporting evidence only, not decisive)"
X1SESQ5_U,"This variable is the quintile of X1SES_U, weighted using the student weight (W1STUDENT). For more information on this variable, please refer to section 7.3.2.2 of the HSLS:09 Base-Year Data File Documentation (NCES 2011-328).","X1 - Base year (Fall 2009, 9th grade)",Demographic or socioeconomic controls,8.76,Low,Weak (Cramer's V=0.096),Include,"Statistical association with target: Weak (Cramer's V=0.096) (supporting evidence only, not decisive)"
X1SESQ5,"This variable is the quintile of X1SES, weighted using the student weight (W1STUDENT). For more information on this variable, please refer to section 7.3.2.2 of the HSLS:09 Base-Year Data File Documentation (NCES 2011-328).","X1 - Base year (Fall 2009, 9th grade)",Demographic or socioeconomic controls,8.76,Low,Weak (Cramer's V=0.099),Include,"Statistical association with target: Weak (Cramer's V=0.099) (supporting evidence only, not decisive)"
X1POVERTY185,"X1POVERTY185 indicates whether the sample member's family was at/above or below 185% of the 2008 poverty threshold, as set forth by the U.S. Census Bureau. Both family income and household size are considered when calculating whether a family is at/above or below 185% of the poverty threshold. If X1FAMINCOME or X1HHNUMBER are imputed, then the imputation flag for the poverty variables (X1POVERTY_IM) is set to 1. See https://www.census.gov/data/tables/time-series/demo/income-poverty/historical-poverty-thresholds.html for further detail on 2008 poverty thresholds.","X1 - Base year (Fall 2009, 9th grade)",Demographic or socioeconomic controls,28.8,Low,Weak (Cramer's V=0.078),Include,"Statistical association with target: Weak (Cramer's V=0.078) (supporting evidence only, not decisive)"
X1POVERTY130,"X1POVERTY130 indicates whether the sample member's family was at/above or below 130% of the 2008 poverty threshold, as set forth by the U.S. Census Bureau. Both family income and household size are considered when calculating whether a family is at/above or below 130% of the poverty threshold. If X1FAMINCOME or X1HHNUMBER are imputed, then the imputation flag for the poverty variables (X1POVERTY_IM) is set to 1. See https://www.census.gov/data/tables/time-series/demo/income-poverty/historical-poverty-thresholds.html for further detail on 2008 poverty thresholds.","X1 - Base year (Fall 2009, 9th grade)",Demographic or socioeconomic controls,28.8,Low,Weak (Cramer's V=0.063),Include,"Statistical association with target: Weak (Cramer's V=0.063) (supporting evidence only, not decisive)"
X1POVERTY,"X1POVERTY indicates whether the sample member's family was at/above or below the 2008 poverty threshold, as set forth by the U.S. Census Bureau. Both family income and household size are considered when calculating whether a family is at/above or below the poverty threshold. If X1FAMINCOME or X1HHNUMBER are imputed, then the imputation flag for the poverty variables (X1POVERTY_IM) is set to 1. See https://www.census.gov/data/tables/time-series/demo/income-poverty/historical-poverty-thresholds.html for further detail on 2008 poverty thresholds.","X1 - Base year (Fall 2009, 9th grade)",Demographic or socioeconomic controls,28.8,Low,Weak (Cramer's V=0.056),Include,"Statistical association with target: Weak (Cramer's V=0.056) (supporting evidence only, not decisive)"
X1FAMINCOME,"X1FAMINCOME is a categorical variable which indicates the sample member's family income from all sources in 2008, as reported by the parent questionnaire respondent. If missing from the parent questionnaire, X1FAMINCOME is statistically imputed (imputed values in X1FAMINCOME can be identified by using X1FAMINC_IM).","X1 - Base year (Fall 2009, 9th grade)",Demographic or socioeconomic controls,28.69,Low,Weak (Cramer's V=0.051),Include,"Statistical association with target: Weak (Cramer's V=0.051) (supporting evidence only, not decisive)"
X1DADRACE,"For sample members who have a biological, adoptive, or step father living in their household, X1DADRACE characterizes the race/ethnicity of that biological, adoptive, or step father. X1DADRACE is derived from four composite variables (X1P1RELATION, X1P2RELATION, X1PAR1RACE, and X1PAR2RACE). ""Amer. Indian/Alaska Native, non-Hispanic"" and ""Native Hawaiian/Pacific Islander, non-Hispanic"" recoded as ""Other, non-Hispanic"" on the public use file.","X1 - Base year (Fall 2009, 9th grade)",Demographic or socioeconomic controls,31.2,Low,Weak (Cramer's V=0.066),Include,"Statistical association with target: Weak (Cramer's V=0.066) (supporting evidence only, not decisive)"
X1DADREL,"Indicates whether or not there is a biological, adoptive, or step father in the sample member's household. X1DADREL is derived from two composite variables (X1P1RELATION and X1P2RELATION) which contain imputed values; if either of these two input variables is imputed and the presence of a father in the household could not be determined from unimputed data, then the imputation flag for X1DADREL (X1DADREL_IM) is set to 1.","X1 - Base year (Fall 2009, 9th grade)",Academic performance,28.57,Low,Weak (Cramer's V=0.067),Include,"Statistical association with target: Weak (Cramer's V=0.067) (supporting evidence only, not decisive)"
X2SES4,"This variable contains the imputed value (4 of 5) for X2SES, generated through a multiple imputation model, for responding students without a responding parent/guardian. X2SES is the mean of X2SES1-X2SES5. Mean Std Deviation Category Min Max Unweighted Unweighted ------------------- ------------------- ------------------- ------------------- ------------------- Continuous -8.0000 2.8154 -0.8022 2.6326","X2 - First follow-up (Spring 2012, 11th grade)",Demographic or socioeconomic controls,,Low,Weak (Eta-sq=0.016),Include,"Statistical association with target: Weak (Eta-sq=0.016) (supporting evidence only, not decisive)"
X1PAR2RACE,"Characterizes the race/ethnicity of ""parent #2"", as reported by the parent questionnaire respondent; ""parent #2"" is the parent to whom all ""parent #2"" variables (e.g., X1P2RELATION, X1PAR2EMP, P1YRBORN2, P1USYR2, etc.) refer. X1PAR2RACE summarizes the following 6 dichotomous race/ethnicity variables drawn from the parent questionnaire: P1HISP2, P1WHITE2, P1BLACK2, P1ASIAN2, P1PACISLE2, and P1AMINDIAN2. ""Amer. Indian/Alaska Native, non-Hispanic"" and ""Native Hawaiian/Pacific Islander, non-Hispanic"" recoded as ""Other, non-Hispanic"" on the public use file.","X1 - Base year (Fall 2009, 9th grade)",Demographic or socioeconomic controls,46.64,Low,Weak (Cramer's V=0.066),Include,"Statistical association with target: Weak (Cramer's V=0.066) (supporting evidence only, not decisive)"
X1PAR2EDU,"Indicates the highest level of education achieved by ""parent #2""; ""parent #2"" is the parent to whom all ""parent #2"" variables (e.g., X1P2RELATION, X1PAR2EMP, P1YRBORN2, P1USYR2, etc.) refer. X1PAR2EDU is taken from the base year parent questionnaire; if missing from the base year parent questionnaire, X1PAR2EDU is statistically imputed for cases with a completed parent interview (imputed values in X1PAR2EDU can be identified using X1PAR2EDU_IM). ""Educational Specialist diploma"" recoded as ""Master's degree"" on the public use file.","X1 - Base year (Fall 2009, 9th grade)",Demographic or socioeconomic controls,43.99,Low,Weak (Cramer's V=0.078),Include,"Statistical association with target: Weak (Cramer's V=0.078) (supporting evidence only, not decisive)"
X1PAR1RACE,"Characterizes the race/ethnicity of ""parent #1"", as reported by the parent questionnaire respondent; ""parent #1"" is the parent to whom all ""parent #1"" variables (e.g. X1P1RELATION, X1PAR1EMP, P1YRBORN1, P1USYR1, etc.) refer. X1PAR1RACE summarizes the following 6 dichotomous race/ethnicity variables drawn from the parent questionnaire: P1HISP1, P1WHITE1, P1BLACK1, P1ASIAN1, P1PACISLE1, and P1AMINDIAN1. ""Amer. Indian/Alaska Native, non-Hispanic"" and ""Native Hawaiian/Pacific Islander, non-Hispanic"" recoded as ""Other, non-Hispanic"" on the public use file.","X1 - Base year (Fall 2009, 9th grade)",Demographic or socioeconomic controls,32.37,Low,Weak (Cramer's V=0.067),Include,"Statistical association with target: Weak (Cramer's V=0.067) (supporting evidence only, not decisive)"
X1SCIEFF,"This variable is a scale of the sample member's science self-efficacy; higher X1SCIEFF values represent higher science self-efficacy. Variable was created through principal components factor analysis (weighted by W1STUDENT) and standardized to a mean of 0 and standard deviation of 1. The inputs to this scale were S1STESTS, S1STEXTBOOK, S1SSKILLS, and S1SASSEXCL. Only respondents who provided a full set of responses were assigned a scale value. If the student indicated that he or she was not taking a fall science class, this variable is set to -7. The coefficient of reliability (alpha) for the scale is .65 or higher. For more information on this scale score, please see chapter 5 of the Base-Year Data File Documentation (NCES 2011-328). Mean Std Deviation Category Min Max Unweighted Unweighted ------------------- ------------------- ------------------- ------------------- ------------------- Continuous -9.00 1.83 -1.97 3.46","X1 - Base year (Fall 2009, 9th grade)",Skills and self-efficacy,,Low,Weak (Eta-sq=0.011),Include,"Matched >1 dimension keyword set (assigned to Skills and self-efficacy by priority order) -- verify against Description; Statistical association with target: Weak (Eta-sq=0.011) (supporting evidence only, not decisive)"
X2TXMTH1,"Mathematics theta score multiple imputation value (1 of 5). When the math test data were missing for student survey respondents, the math theta score was imputed with multiple imputation technique, with 5 imputed values. X2TXMTH is the mean of X2TXMTH1-5. The theta score provides a norm-referenced measurement of achievement, that is, an estimate of achievement relative to the population (fall 2009 9th graders) as a whole. It provides information on status compared to peers (as distinguished from the IRT-estimated scale score which represents status with respect to achievement on a particular criterion set of test items). The associated theta score is X2TXMTH. The standardized form of the theta score is X2TXMTSCOR. Mean Std Deviation Category Min Max Unweighted Unweighted ------------------- ------------------- ------------------- ------------------- ------------------- Continuous -8.0000 4.8399 -0.3625 3.0735","X2 - First follow-up (Spring 2012, 11th grade)",Academic performance,,Low,Weak (Eta-sq=0.046),Include,"Statistical association with target: Weak (Eta-sq=0.046) (supporting evidence only, not decisive)"
X2SES5_U,"This variable contains the imputed values (5 of 5) for X2SES_U, generated through a multiple imputation model, for responding students without a responding parent/guardian. X2SES_U is the mean of X2SES1_U-X2SES5_U. Mean Std Deviation Category Min Max Unweighted Unweighted ------------------- ------------------- ------------------- ------------------- ------------------- Continuous -8.0000 2.9504 -0.8122 2.6314","X2 - First follow-up (Spring 2012, 11th grade)",Demographic or socioeconomic controls,,Low,Weak (Eta-sq=0.016),Include,"Statistical association with target: Weak (Eta-sq=0.016) (supporting evidence only, not decisive)"
X2SES4_U,"This variable contains the imputed values (4 of 5) for X2SES_U, generated through a multiple imputation model, for responding students without a responding parent/guardian. X2SES_U is the mean of X2SES1_U-X2SES5_U. Mean Std Deviation Category Min Max Unweighted Unweighted ------------------- ------------------- ------------------- ------------------- ------------------- Continuous -8.0000 3.1045 -0.8185 2.6297","X2 - First follow-up (Spring 2012, 11th grade)",Demographic or socioeconomic controls,,Low,Weak (Eta-sq=0.016),Include,"Statistical association with target: Weak (Eta-sq=0.016) (supporting evidence only, not decisive)"
X2SES3_U,"This variable contains the imputed values (3 of 5) for X2SES_U, generated through a multiple imputation model, for responding students without a responding parent/guardian. X2SES_U is the mean of X2SES1_U-X2SES5_U. Mean Std Deviation Category Min Max Unweighted Unweighted ------------------- ------------------- ------------------- ------------------- ------------------- Continuous -8.0000 2.7097 -0.8073 2.6333","X2 - First follow-up (Spring 2012, 11th grade)",Demographic or socioeconomic controls,,Low,Weak (Eta-sq=0.016),Include,"Statistical association with target: Weak (Eta-sq=0.016) (supporting evidence only, not decisive)"
X2SES2_U,"This variable contains the imputed values (2 of 5) for X2SES_U, generated through a multiple imputation model, for responding students without a responding parent/guardian. X2SES_U is the mean of X2SES1_U-X2SES5_U. Mean Std Deviation Category Min Max Unweighted Unweighted ------------------- ------------------- ------------------- ------------------- ------------------- Continuous -8.0000 2.5175 -0.8126 2.6316","X2 - First follow-up (Spring 2012, 11th grade)",Demographic or socioeconomic controls,,Low,Weak (Eta-sq=0.015),Include,"Statistical association with target: Weak (Eta-sq=0.015) (supporting evidence only, not decisive)"
X2SES1_U,"This variable contains the imputed values (1 of 5) for X2SES_U, generated through a multiple imputation model, for responding students without a responding parent/guardian. X2SES_U is the mean of X2SES1_U-X2SES5_U. Mean Std Deviation Category Min Max Unweighted Unweighted ------------------- ------------------- ------------------- ------------------- ------------------- Continuous -8.0000 2.4426 -0.8210 2.6283","X2 - First follow-up (Spring 2012, 11th grade)",Demographic or socioeconomic controls,,Low,Weak (Eta-sq=0.016),Include,"Statistical association with target: Weak (Eta-sq=0.016) (supporting evidence only, not decisive)"
X2SES5,"This variable contains the imputed value (5 of 5) for X2SES, generated through a multiple imputation model, for responding students without a responding parent/guardian. X2SES is the mean of X2SES1-X2SES5. Mean Std Deviation Category Min Max Unweighted Unweighted ------------------- ------------------- ------------------- ------------------- ------------------- Continuous -8.0000 2.6340 -0.8052 2.6326","X2 - First follow-up (Spring 2012, 11th grade)",Demographic or socioeconomic controls,,Low,Weak (Eta-sq=0.016),Include,"Statistical association with target: Weak (Eta-sq=0.016) (supporting evidence only, not decisive)"
X1MOMRACE,"For sample members who have a biological, adoptive, or step mother living in their household, X1MOMRACE characterizes the race/ethnicity of that biological, adoptive, or step mother. X1MOMRACE is derived from four composite variables (X1P1RELATION, X1P2RELATION, X1PAR1RACE, and X1PAR2RACE). ""Amer. Indian/Alaska Native, non-Hispanic"" and ""Native Hawaiian/Pacific Islander, non-Hispanic"" recoded as ""Other, non-Hispanic"" on the public use file.","X1 - Base year (Fall 2009, 9th grade)",Demographic or socioeconomic controls,32.06,Low,Weak (Cramer's V=0.064),Include,"Statistical association with target: Weak (Cramer's V=0.064) (supporting evidence only, not decisive)"
S2SASSEXCL,How much do you agree or disagree with the following statements about [science course title/science]? [You [are/were] confident that you [can/could] do an excellent job on assignments in this course. /You are confident that you can do an excellent job on science assignments.] 1=Strongly agree 2=Agree 3=Disagree 4=Strongly disagree,S2 - First follow-up student survey item (2012),Academic performance,15.67,Low,Weak (Cramer's V=0.072),Include,"Matched >1 dimension keyword set (assigned to Academic performance by priority order) -- verify against Description; Statistical association with target: Weak (Cramer's V=0.072) (supporting evidence only, not decisive)"
S2SBORING,How much do you agree or disagree with the following statements about [science course title/science]? [You [think/thought] this class [is/was] boring./You think science classes are boring.] 1=Strongly agree 2=Agree 3=Disagree 4=Strongly disagree,S2 - First follow-up student survey item (2012),Academic performance,15.45,Low,Weak (Cramer's V=0.074),Include,"Matched >1 dimension keyword set (assigned to Academic performance by priority order) -- verify against Description; Statistical association with target: Weak (Cramer's V=0.074) (supporting evidence only, not decisive)"
S2STESTS,How much do you agree or disagree with the following statements about [science course title/science]? [You [are/were] confident that you [can/could] do an excellent job on tests in this course. /You are confident that you can do an excellent job on science tests.] 1=Strongly agree 2=Agree 3=Disagree 4=Strongly disagree,S2 - First follow-up student survey item (2012),Academic performance,15.63,Low,Weak (Cramer's V=0.076),Include,"Matched >1 dimension keyword set (assigned to Academic performance by priority order) -- verify against Description; Statistical association with target: Weak (Cramer's V=0.076) (supporting evidence only, not decisive)"
S2SSKILLS,How much do you agree or disagree with the following statements about [science course title/science]? [You [are/were] certain that you [can/could] master the skills [being taught/that were taught] in this course./You are certain that you can master science skills.] 1=Strongly agree 2=Agree 3=Disagree 4=Strongly disagree,S2 - First follow-up student survey item (2012),Academic performance,15.53,Low,Weak (Cramer's V=0.080),Include,"Matched >1 dimension keyword set (assigned to Academic performance by priority order) -- verify against Description; Statistical association with target: Weak (Cramer's V=0.080) (supporting evidence only, not decisive)"
S2SWASTE,How much do you agree or disagree with the following statements about [science course title/science]? [You [think/thought] this class [is/was] a waste of your time. /You think science classes are a waste of your time.] 1=Strongly agree 2=Agree 3=Disagree 4=Strongly disagree,S2 - First follow-up student survey item (2012),Academic performance,15.37,Low,Weak (Cramer's V=0.096),Include,"Matched >1 dimension keyword set (assigned to Academic performance by priority order) -- verify against Description; Statistical association with target: Weak (Cramer's V=0.096) (supporting evidence only, not decisive)"
S2STEXTBOOK,How much do you agree or disagree with the following statements about [science course title/science]? [You [are/were] certain that you [can/could] understand the most difficult material presented in the textbook used in this course./ You are certain that you can understand the most difficult material presented in science textbooks.] 1=Strongly agree 2=Agree 3=Disagree 4=Strongly disagree,S2 - First follow-up student survey item (2012),Academic performance,15.36,Low,Weak (Cramer's V=0.072),Include,"Statistical association with target: Weak (Cramer's V=0.072) (supporting evidence only, not decisive)"
S2SENJOYING,How much do you agree or disagree with the following statements about [science course title/science]? [You [are enjoying/enjoyed] this class very much./You enjoy science classes very much.] 1=Strongly agree 2=Agree 3=Disagree 4=Strongly disagree,S2 - First follow-up student survey item (2012),Academic performance,15.09,Low,Weak (Cramer's V=0.080),Include,"Matched >1 dimension keyword set (assigned to Academic performance by priority order) -- verify against Description; Statistical association with target: Weak (Cramer's V=0.080) (supporting evidence only, not decisive)"
S2SGETBY,How often [do/did] you do these things in [science course title]? You [do/did] as little work as possible; you just [want/wanted] to get by. 1=Never 2=Less than half of the time 3=Half of the time 4=More than half of the time 5=Always,S2 - First follow-up student survey item (2012),Academic performance,34.02,Low,Weak (Cramer's V=0.067),Include,"Statistical association with target: Weak (Cramer's V=0.067) (supporting evidence only, not decisive)"
S2SSTOPTRYING,"How often [do/did] you do these things in [science course title]? When an assignment [is/was] very difficult, you [stop/stopped] trying. 1=Never 2=Less than half of the time 3=Half of the time 4=More than half of the time 5=Always",S2 - First follow-up student survey item (2012),Academic performance,33.86,Low,Weak (Cramer's V=0.062),Include,"Statistical association with target: Weak (Cramer's V=0.062) (supporting evidence only, not decisive)"
S2SONTIME,How often [do/did] you do these things in [science course title]? You [turn/turned] in your assignments and projects on time. 1=Never 2=Less than half of the time 3=Half of the time 4=More than half of the time 5=Always,S2 - First follow-up student survey item (2012),Academic performance,33.97,Low,Weak (Cramer's V=0.068),Include,"Statistical association with target: Weak (Cramer's V=0.068) (supporting evidence only, not decisive)"
P1LEARN,"Compared with other 9th graders, would you say [your 9th-grader] experiences a lot, a little, or no difficulty in the following areas? Learning, understanding, or paying attention A lot of difficulty A little difficulty No difficulty",P1 - Base year parent survey (2009),Academic performance,33.91,Low,Weak (Cramer's V=0.086),Include,"Statistical association with target: Weak (Cramer's V=0.086) (supporting evidence only, not decisive)"
S2STCHGIVEUP,"How much do you agree or disagree with the following statements about your teacher for [science course title]? Remember, none of your teachers or your principal will see any of the answers you provide. Your teacher... [doesn't/didn't] let people give up when the work [gets/got] hard. 1=Strongly agree 2=Agree 3=Disagree 4=Strongly disagree",S2 - First follow-up student survey item (2012),Academic performance,33.83,Low,Weak (Cramer's V=0.059),Include,"Statistical association with target: Weak (Cramer's V=0.059) (supporting evidence only, not decisive)"
S2STCHTHINK,"How much do you agree or disagree with the following statements about your teacher for [science course title]? Remember, none of your teachers or your principal will see any of the answers you provide. Your teacher... [wants/wanted] students to think, not just memorize things. 1=Strongly agree 2=Agree 3=Disagree 4=Strongly disagree",S2 - First follow-up student survey item (2012),Academic performance,33.76,Low,Weak (Cramer's V=0.065),Include,"Statistical association with target: Weak (Cramer's V=0.065) (supporting evidence only, not decisive)"
S2STCHEASY,"How much do you agree or disagree with the following statements about your teacher for [science course title]? Remember, none of your teachers or your principal will see any of the answers you provide. Your teacher... [makes/made] science easy to understand. 1=Strongly agree 2=Agree 3=Disagree 4=Strongly disagree",S2 - First follow-up student survey item (2012),Academic performance,33.76,Low,Weak (Cramer's V=0.065),Include,"Statistical association with target: Weak (Cramer's V=0.065) (supporting evidence only, not decisive)"
S2STCHINTRST,"How much do you agree or disagree with the following statements about your teacher for [science course title]? Remember, none of your teachers or your principal will see any of the answers you provide. Your teacher... [makes/made] science interesting. 1=Strongly agree 2=Agree 3=Disagree 4=Strongly disagree",S2 - First follow-up student survey item (2012),Academic performance,33.66,Low,Weak (Cramer's V=0.068),Include,"Matched >1 dimension keyword set (assigned to Academic performance by priority order) -- verify against Description; Statistical association with target: Weak (Cramer's V=0.068) (supporting evidence only, not decisive)"
S2STCHTREAT,"How much do you agree or disagree with the following statements about your teacher for [science course title]? Remember, none of your teachers or your principal will see any of the answers you provide. Your teacher... [treats/treated] some kids better than other kids. 1=Strongly agree 2=Agree 3=Disagree 4=Strongly disagree",S2 - First follow-up student survey item (2012),Academic performance,33.69,Low,Weak (Cramer's V=0.060),Include,"Statistical association with target: Weak (Cramer's V=0.060) (supporting evidence only, not decisive)"
S2SASSIGNED,Why [are/were] you taking [science course title] ? Would you say you [are/were] taking it because... it was assigned to you? 1=Yes 0=No,S2 - First follow-up student survey item (2012),Academic performance,33.75,Low,Weak (Cramer's V=0.087),Include,"Statistical association with target: Weak (Cramer's V=0.087) (supporting evidence only, not decisive)"
S2SDOWELL,Why [are/were] you taking [science course title] ? Would you say you [are/were] taking it because... you do well in science? 1=Yes 0=No,S2 - First follow-up student survey item (2012),Academic performance,33.73,Low,Weak (Cramer's V=0.123),Include,"Matched >1 dimension keyword set (assigned to Academic performance by priority order) -- verify against Description; Statistical association with target: Weak (Cramer's V=0.123) (supporting evidence only, not decisive)"
S2FOCUS2013,What is most likely to be your main focus? 1=Continuing your education after high school 2=Working 3=Serving in the military 4=Starting a family or taking care of your children 6=Attending high school or a GED completion course,S2 - First follow-up student survey item (2012),Academic performance,36.86,Low,Weak (Cramer's V=0.087),Include,"Matched >1 dimension keyword set (assigned to Academic performance by priority order) -- verify against Description; Statistical association with target: Weak (Cramer's V=0.087) (supporting evidence only, not decisive)"
S2SFAMREC,Why [are/were] you taking [science course title] ? Would you say you [are/were] taking it because... another family member encouraged you to take it? 1=Yes 0=No,S2 - First follow-up student survey item (2012),Academic performance,33.77,Low,Weak (Cramer's V=0.072),Include,"Matched >1 dimension keyword set (assigned to Academic performance by priority order) -- verify against Description; Statistical association with target: Weak (Cramer's V=0.072) (supporting evidence only, not decisive)"
S2SPARREC,Why [are/were] you taking [science course title] ? Would you say you [are/were] taking it because... your parents encouraged you to take it? 1=Yes 0=No,S2 - First follow-up student survey item (2012),Academic performance,33.75,Low,Weak (Cramer's V=0.087),Include,"Statistical association with target: Weak (Cramer's V=0.087) (supporting evidence only, not decisive)"
S2STCHRREC,Why [are/were] you taking [science course title] ? Would you say you [are/were] taking it because... a teacher encouraged you to take it? 1=Yes 0=No,S2 - First follow-up student survey item (2012),Academic performance,33.73,Low,Weak (Cramer's V=0.075),Include,"Statistical association with target: Weak (Cramer's V=0.075) (supporting evidence only, not decisive)"
S2SATTENTION,How often [do/did] you do these things in [science course title]? You [pay/paid] attention to the teacher. 1=Never 2=Less than half of the time 3=Half of the time 4=More than half of the time 5=Always,S2 - First follow-up student survey item (2012),Academic performance,33.82,Low,Weak (Cramer's V=0.068),Include,"Statistical association with target: Weak (Cramer's V=0.068) (supporting evidence only, not decisive)"
P1ADHDMED,Is [your 9th-grader] currently taking medication for ADD or ADHD? Yes No,P1 - Base year parent survey (2009),Academic performance,33.74,Low,Weak (Cramer's V=0.057),Include,"Statistical association with target: Weak (Cramer's V=0.057) (supporting evidence only, not decisive)"
P1SPECIALED,Does [your 9th-grader] currently receive Special Educational Services? Students receiving these services often have an Individualized Education Plan (IEP). Yes No Don't know,P1 - Base year parent survey (2009),Academic performance,33.69,Low,Weak (Cramer's V=0.061),Include,"Statistical association with target: Weak (Cramer's V=0.061) (supporting evidence only, not decisive)"
P1ADHD,"Has a doctor, health care provider, teacher, or school official ever told you that [your 9th-grader] has any of the following conditions? Attention Deficit Disorder or Attention Deficit Hyperactive Disorder, that is, ADD or ADHD Yes No",P1 - Base year parent survey (2009),Academic performance,34.03,Low,Weak (Cramer's V=0.071),Include,"Statistical association with target: Weak (Cramer's V=0.071) (supporting evidence only, not decisive)"
P1DD,"Has a doctor, health care provider, teacher, or school official ever told you that [your 9th-grader] has any of the following conditions? Any developmental delay that affects [his/her] ability to learn Yes No",P1 - Base year parent survey (2009),Academic performance,33.97,Low,Weak (Cramer's V=0.064),Include,"Statistical association with target: Weak (Cramer's V=0.064) (supporting evidence only, not decisive)"
P1SLD,"Has a doctor, health care provider, teacher, or school official ever told you that [your 9th-grader] has any of the following conditions? Specific learning disability Yes No",P1 - Base year parent survey (2009),Academic performance,33.87,Low,Weak (Cramer's V=0.069),Include,"Matched >1 dimension keyword set (assigned to Academic performance by priority order) -- verify against Description; Statistical association with target: Weak (Cramer's V=0.069) (supporting evidence only, not decisive)"
P1REPEATGRD,"Since starting kindergarten, has [your 9th-grader] repeated any grades? Yes No",P1 - Base year parent survey (2009),Academic performance,32.74,Low,Weak (Cramer's V=0.073),Include,"Statistical association with target: Weak (Cramer's V=0.073) (supporting evidence only, not decisive)"
P1INCOMECAT,"We understand that you may not be able to provide an exact number for your family's income. However, it would be extremely helpful if you would indicate which of the following ranges best estimates your total household income from all sources prior to taxes and deductions in calendar year 2008. Please include all income such as income from work, investments and alimony. $15,000 or less $15,001 - $35,000 $35,001 - $55,000 $55,001 - $75,000 $75,001 - $95,000 $95,001 - $115,000 $115,001 - $135,000 $135,001 - $155,000 $155,001 - $175,000 $175,001 - $195,000 $195,001 - $215,000 $215,001 - $235,000 More than $235,000",P1 - Base year parent survey (2009),Demographic or socioeconomic controls,32.8,Low,Weak (Cramer's V=0.051),Include,"Statistical association with target: Weak (Cramer's V=0.051) (supporting evidence only, not decisive)"
P1HOURS2,"About how many total hours per week does [does/did] [parent #2] usually work for pay or income, counting all jobs?",P1 - Base year parent survey (2009),Career interests and aspirations,,Low,Weak (Eta-sq=0.012),Include,"Matched >1 dimension keyword set (assigned to Career interests and aspirations by priority order) -- verify against Description; Statistical association with target: Weak (Eta-sq=0.012) (supporting evidence only, not decisive)"
P1USBORN9,"Now we have a question about your 9th grader. Was [your 9th-grader] born in the United States, in Puerto Rico or another U.S. territory, or in another country? United States Puerto Rico or another U.S. territory Another country",P1 - Base year parent survey (2009),Academic performance,31.99,Low,Weak (Cramer's V=0.059),Include,"Statistical association with target: Weak (Cramer's V=0.059) (supporting evidence only, not decisive)"
S2HSJOBEVER,"[At any time since starting 9th grade, have you worked/At any time when you were enrolled in high school, did you work] for pay during the school year? Do not count work around the house. 1=Yes 0=No",S2 - First follow-up student survey item (2012),Academic performance,13.94,Low,Weak (Cramer's V=0.052),Include,"Statistical association with target: Weak (Cramer's V=0.052) (supporting evidence only, not decisive)"
S2MUSEJOB,How much do you agree or disagree with the following statements about math? Math is useful for a future career. 1=Strongly agree 2=Agree 3=Disagree 4=Strongly disagree Administered To: All respondents Crossround Note: This variable is a repeat of the BY variable S1MUSEJOB.,S2 - First follow-up student survey item (2012),Career interests and aspirations,14.77,Low,Weak (Cramer's V=0.107),Include,"Statistical association with target: Weak (Cramer's V=0.107) (supporting evidence only, not decisive)"
S2CLUBTIME,Which of the following are reasons you [do not/did not] spend more time studying? You [have/had] organized activities such as clubs or sports that [take/took] too much time. 1=Yes 0=No Administered To: Respondents who thought they could earn better grades by spending more time studying.,S2 - First follow-up student survey item (2012),Academic performance,29.34,Low,Weak (Cramer's V=0.075),Include,"Statistical association with target: Weak (Cramer's V=0.075) (supporting evidence only, not decisive)"
S2HANGOUT,Which of the following are reasons you [do not/did not] spend more time studying? You [want to /wanted to] hang out with your friends instead. 1=Yes 0=No Administered To: Respondents who thought they could earn better grades by spending more time studying.,S2 - First follow-up student survey item (2012),Academic performance,29.34,Low,Weak (Cramer's V=0.055),Include,"Statistical association with target: Weak (Cramer's V=0.055) (supporting evidence only, not decisive)"
S2HIGHGRADES,Which of the following are reasons you [do not/did not] spend more time studying? Your grades [are/were] already high. 1=Yes 0=No Administered To: Respondents who thought they could earn better grades by spending more time studying.,S2 - First follow-up student survey item (2012),Academic performance,29.38,Low,Weak (Cramer's V=0.074),Include,"Statistical association with target: Weak (Cramer's V=0.074) (supporting evidence only, not decisive)"
S2CANTSEND,"Which of the following are reasons you [do not/did not] spend more time studying? Even if you [get/got] better grades, your family [cannot afford/could not have afforded] to send you to school or college. 1=Yes 0=No Administered To: Respondents who thought they could earn better grades by spending more time studying.",S2 - First follow-up student survey item (2012),Academic performance,29.43,Low,Weak (Cramer's V=0.060),Include,"Matched >1 dimension keyword set (assigned to Academic performance by priority order) -- verify against Description; Statistical association with target: Weak (Cramer's V=0.060) (supporting evidence only, not decisive)"
S2DONTCARE,Which of the following are reasons you [do not/did not] spend more time studying? You [do not/did not] care about earning higher grades. 1=Yes 0=No Administered To: Respondents who thought they could earn better grades by spending more time studying.,S2 - First follow-up student survey item (2012),Academic performance,29.21,Low,Weak (Cramer's V=0.067),Include,"Statistical association with target: Weak (Cramer's V=0.067) (supporting evidence only, not decisive)"
S2STUDYMORE,Do you think you would [earn/have earned] higher grades if you [had] spent more time studying? 1=Yes 0=No Administered To: All respondents,S2 - First follow-up student survey item (2012),Academic performance,14.07,Low,Weak (Cramer's V=0.054),Include,"Statistical association with target: Weak (Cramer's V=0.054) (supporting evidence only, not decisive)"
S2OHOMEWRK,"During a typical school week [during the spring term of 2012/when you were last enrolled in high school], how many hours [do/did] you spend... working on homework and studying for the rest of your classes? 0=No time 1=Less than 1/2 hour 2=1/2 to 1 hour 3=1 to 2 hours 4=2 to 3 hours 5=4 to 6 hours 6=7 to 9 hours 7=More than 9 hours Administered To: All respondents",S2 - First follow-up student survey item (2012),Demographic or socioeconomic controls,14.37,Low,Weak (Cramer's V=0.068),Include,"Statistical association with target: Weak (Cramer's V=0.068) (supporting evidence only, not decisive)"
S2ACADEMIC,"Since the fall of 2009, have you participated in any of the following activities outside of school? Academic instruction outside of school such as from a Saturday Academy, learning center, personal tutor or summer school program 1=Yes 0=No Administered To: All respondents",S2 - First follow-up student survey item (2012),Academic performance,14.64,Low,Weak (Cramer's V=0.070),Include,"Statistical association with target: Weak (Cramer's V=0.070) (supporting evidence only, not decisive)"
S2CANTAFFORD,"How much do you agree or disagree with the following statements? Even if you get accepted to college, your family cannot afford to send you. 1=Strongly agree 2=Agree 3=Disagree 4=Strongly disagree",S2 - First follow-up student survey item (2012),Demographic or socioeconomic controls,15.07,Low,Weak (Cramer's V=0.067),Include,"Statistical association with target: Weak (Cramer's V=0.067) (supporting evidence only, not decisive)"
S2PAYOFF,How much do you agree or disagree with the following statements? Studying in high school rarely pays off later with good jobs. 1=Strongly agree 2=Agree 3=Disagree 4=Strongly disagree Administered To: All respondents Crossround Note: This variable is a repeat of the BY variable S1PAYOFF.,S2 - First follow-up student survey item (2012),Career interests and aspirations,14.71,Low,Weak (Cramer's V=0.066),Include,"Statistical association with target: Weak (Cramer's V=0.066) (supporting evidence only, not decisive)"
S2SUSEJOB,How much do you agree or disagree with the following statements about science? Science is useful for a future career. 1=Strongly agree 2=Agree 3=Disagree 4=Strongly disagree Administered To: All respondents Crossround Note: This variable is a repeat of the BY variable S1SUSEJOB.,S2 - First follow-up student survey item (2012),Career interests and aspirations,15.1,Low,Weak (Cramer's V=0.146),Include,"Statistical association with target: Weak (Cramer's V=0.146) (supporting evidence only, not decisive)"
S2JOBTIME,Which of the following are reasons you [do not/did not] spend more time studying? You [have/had] a job that [takes/took] too much time. 1=Yes 0=No Administered To: Respondents who thought they could earn better grades by spending more time studying.,S2 - First follow-up student survey item (2012),Academic performance,29.55,Low,Weak (Cramer's V=0.060),Include,"Matched >1 dimension keyword set (assigned to Academic performance by priority order) -- verify against Description; Statistical association with target: Weak (Cramer's V=0.060) (supporting evidence only, not decisive)"
X3THILANG,"Highest Foreign Language course, which is the first two digits of the course SCED code: 06.",X3 - 2013 Update / HS transcript (2013),Academic performance,6.96,Low,Weak (Cramer's V=0.077),Include,"Statistical association with target: Weak (Cramer's V=0.077) (supporting evidence only, not decisive)"
X3THIOTHSCI,"Highest Other Science course, which is the first two digits of the course SCED code: 03.",X3 - 2013 Update / HS transcript (2013),Academic performance,6.95,Low,Weak (Cramer's V=0.070),Include,"Statistical association with target: Weak (Cramer's V=0.070) (supporting evidence only, not decisive)"
X3THIPHY,"Highest Physics course, which is the first two digits of the course SCED code: 03.",X3 - 2013 Update / HS transcript (2013),Academic performance,6.95,Low,Weak (Cramer's V=0.141),Include,"Statistical association with target: Weak (Cramer's V=0.141) (supporting evidence only, not decisive)"
X3THICHEM,"Highest Chemistry course, which is the first two digits of the course SCED code: 03.",X3 - 2013 Update / HS transcript (2013),Academic performance,6.95,Low,Weak (Cramer's V=0.118),Include,"Statistical association with target: Weak (Cramer's V=0.118) (supporting evidence only, not decisive)"
X3THIBIO,"Highest Biology course, which is the first two digits of the course SCED code: 03.",X3 - 2013 Update / HS transcript (2013),Academic performance,6.95,Low,Weak (Cramer's V=0.127),Include,"Statistical association with target: Weak (Cramer's V=0.127) (supporting evidence only, not decisive)"
X3THISCI,"Highest Science course, which is the first two digits of the course SCED code: 03.",X3 - 2013 Update / HS transcript (2013),Academic performance,6.95,Low,Weak (Cramer's V=0.130),Include,"Statistical association with target: Weak (Cramer's V=0.130) (supporting evidence only, not decisive)"
X3T1CREDESCI,"Indicates at least one Carnegie unit in Geology/Earth Science, which is the course SCED code(s): 03001, 03007, 03008, 03158, 03159, 03201, 03202, 03203, 03204, 03205, 03210, 03211, 03212, 03213, 03994, 03995, 03239, 03996, 03002, 03003, 03004, 03005, 03006, 03009, 03047, 03048, 03049, 03209, 03997, 03998, 03999, 03207, 03208, 03206. A Carnegie unit is equivalent to a one-year academic course taken one period a day, five days a week.",X3 - 2013 Update / HS transcript (2013),Academic performance,6.7,Low,Weak (Cramer's V=0.073),Include,"Statistical association with target: Weak (Cramer's V=0.073) (supporting evidence only, not decisive)"
X3T1CREDCHEM,"Indicates at least one Carnegie unit in Chemistry, which is the course SCED code(s): 03101, 03105, 03103, 03104, 03108, 03147, 03148, 03149, 03102, 03106, 03107. A Carnegie unit is equivalent to a one-year academic course taken one period a day, five days a week.",X3 - 2013 Update / HS transcript (2013),Academic performance,6.7,Low,Weak (Cramer's V=0.139),Include,"Statistical association with target: Weak (Cramer's V=0.139) (supporting evidence only, not decisive)"
X3T1CREDBIOL,"Indicates at least one Carnegie unit in Biology, which is the course SCED code(s): 03051, 03062, 03053, 03054, 03055, 03058, 03059, 03060, 03061, 03063, 03097, 03098, 03099, 03052, 03056, 03057. A Carnegie unit is equivalent to a one-year academic course taken one period a day, five days a week.",X3 - 2013 Update / HS transcript (2013),Academic performance,6.7,Low,Weak (Cramer's V=0.078),Include,"Statistical association with target: Weak (Cramer's V=0.078) (supporting evidence only, not decisive)"
X3TWHENALG1,Indicates the grade level the student took Algebra I.,X3 - 2013 Update / HS transcript (2013),Academic performance,6.95,Low,Weak (Cramer's V=0.072),Include,"Statistical association with target: Weak (Cramer's V=0.072) (supporting evidence only, not decisive)"
S2SATNUM,"How many times, if any, have you taken the following tests? SAT or ACT 0=Never 1=Once 2=Twice 3=3 or more times 4=You don't know what this is Administered To: All respondents.",S2 - First follow-up student survey item (2012),Academic performance,13.69,Low,Weak (Cramer's V=0.067),Include,"Statistical association with target: Weak (Cramer's V=0.067) (supporting evidence only, not decisive)"
X3THIMATH,"Highest Mathematics course, which is the first two digits of the course SCED code: 02.",X3 - 2013 Update / HS transcript (2013),Academic performance,6.95,Low,Weak (Eta-sq=0.050),Include,"Statistical association with target: Weak (Eta-sq=0.050) (supporting evidence only, not decisive)"
X3T1CREDTRIG,"Indicates at least one Carnegie unit in Trigonometry, which is the course SCED code(s): 02103, 02105, 02106, 02107. A Carnegie unit is equivalent to a one-year academic course taken one period a day, five days a week.",X3 - 2013 Update / HS transcript (2013),Academic performance,6.7,Low,Weak (Cramer's V=0.052),Include,"Statistical association with target: Weak (Cramer's V=0.052) (supporting evidence only, not decisive)"
X3T1CREDSTAT,"Indicates at least one Carnegie unit in Statistics/Probability, which is the course SCED code(s): 02201, 02202, 02204, 02207, 02209. A Carnegie unit is equivalent to a one-year academic course taken one period a day, five days a week.",X3 - 2013 Update / HS transcript (2013),Academic performance,6.7,Low,Weak (Cramer's V=0.082),Include,"Statistical association with target: Weak (Cramer's V=0.082) (supporting evidence only, not decisive)"
X3T1CREDGEO,"Indicates at least one Carnegie unit in Geometry, which is the course SCED code(s): 02071, 02072, 02073, 02074, 02075, 02079, 02135. A Carnegie unit is equivalent to a one-year academic course taken one period a day, five days a week.",X3 - 2013 Update / HS transcript (2013),Academic performance,6.7,Low,Weak (Cramer's V=0.060),Include,"Statistical association with target: Weak (Cramer's V=0.060) (supporting evidence only, not decisive)"
X3T1CREDALG2,"Indicates at least one Carnegie unit in Algebra 2, which is the course SCED code(s): 02141, 02055, 02056, 02058. A Carnegie unit is equivalent to a one-year academic course taken one period a day, five days a week.",X3 - 2013 Update / HS transcript (2013),Academic performance,6.7,Low,Weak (Cramer's V=0.068),Include,"Statistical association with target: Weak (Cramer's V=0.068) (supporting evidence only, not decisive)"
X3T1CREDALG1,"Indicates at least one Carnegie unit in Algebra 1, which is the course SCED code(s): 02052, 02054, 02069. A Carnegie unit is equivalent to a one-year academic course taken one period a day, five days a week.",X3 - 2013 Update / HS transcript (2013),Academic performance,6.7,Low,Weak (Cramer's V=0.086),Include,"Statistical association with target: Weak (Cramer's V=0.086) (supporting evidence only, not decisive)"
X3CLASSES,Imputed version of S3CLASSES. X3CLASSES_IM values of 1 indicate when X3CLASSES is imputed.,X3 - 2013 Update / HS transcript (2013),Demographic or socioeconomic controls,21.04,Low,Weak (Cramer's V=0.091),Include,"Statistical association with target: Weak (Cramer's V=0.091) (supporting evidence only, not decisive)"
X2S2SSPR12,Distinguishes science from computer science/tech class(es) by evaluating responses across the series of D23 items.,"X2 - First follow-up (Spring 2012, 11th grade)",Demographic or socioeconomic controls,16.67,Low,Weak (Cramer's V=0.096),Include,"Statistical association with target: Weak (Cramer's V=0.096) (supporting evidence only, not decisive)"
X2SCIINT,"This variable is a scale of the sample member's interest in their base-year science course; higher values represent greater interest in their base-year science course. Variable was created through principal components factor analysis (weighted by W2STUDENT) and standardized to a mean of 0 and standard deviation of 1. The inputs to this scale were S2SENJOYING, S2SWASTE, S2SBORING, S2FAVSUBJ, and S2SENJOYS. Only respondents who provided a full set of responses were assigned a scale value. The coefficient of reliability (alpha) for the scale is .65 or higher. For more information on this scale score, please see chapter 5 of the F1 Data File Documentation (NCES 2014-361). Mean Std Deviation Category Min Max Unweighted Unweighted ------------------- ------------------- ------------------- ------------------- ------------------- Continuous -9.00 1.71 -2.66 3.76","X2 - First follow-up (Spring 2012, 11th grade)",Academic performance,,Low,Weak (Eta-sq=0.028),Include,"Matched >1 dimension keyword set (assigned to Academic performance by priority order) -- verify against Description; Statistical association with target: Weak (Eta-sq=0.028) (supporting evidence only, not decisive)"
X2SCIEFF,"This variable is a scale of the sample member's science self-efficacy; higher X2SCIEFF values represent higher science self-efficacy. Variable was created through principal components factor analysis (weighted by W2STUDENT) and standardized to a mean of 0 and standard deviation of 1. The inputs to this scale were S2STESTS, S2STEXTBOOK, S2SSKILLS, and S2SASSEXCL. Only respondents who provided a full set of responses were assigned a scale value. The coefficient of reliability (alpha) for the scale is .65 or higher. For more information on this scale score, please see chapter 5 of the F1 Data File Documentation (NCES 2014-361). Mean Std Deviation Category Min Max Unweighted Unweighted ------------------- ------------------- ------------------- ------------------- ------------------- Continuous -9.00 1.64 -1.36 3.24","X2 - First follow-up (Spring 2012, 11th grade)",Skills and self-efficacy,,Low,Weak (Eta-sq=0.013),Include,"Matched >1 dimension keyword set (assigned to Skills and self-efficacy by priority order) -- verify against Description; Statistical association with target: Weak (Eta-sq=0.013) (supporting evidence only, not decisive)"
X2SCIID,"This variable is a scale of the sample member's science identity. Sample members who tend to agree with the statements ""You see yourself as a science person"" and/or ""Others see me as a science person"" will have higher values for X2SCIID. Variable was created through principal components factor analysis (weighted by W2STUDENT) and standardized to a mean of 0 and standard deviation of 1. The inputs to this scale were S2SPERSON1 and S2SPERSON2. Only respondents who provided a full set of responses were assigned a scale value. The coefficient of reliability (alpha) for the scale is .65 or higher. For more information on this scale score, please see chapter 5 of the F1 Data File Documentation (NCES 2014-361). Mean Std Deviation Category Min Max Unweighted Unweighted ------------------- ------------------- ------------------- ------------------- ------------------- Continuous -9.00 1.86 -1.20 3.10","X2 - First follow-up (Spring 2012, 11th grade)",Skills and self-efficacy,,Low,Weak (Eta-sq=0.031),Include,"Matched >1 dimension keyword set (assigned to Skills and self-efficacy by priority order) -- verify against Description; Statistical association with target: Weak (Eta-sq=0.031) (supporting evidence only, not decisive)"
X3THIMATH9,"Highest Mathematics course taken in Ninth grade, which is the first two digits of the course SCED code: 02.",X3 - 2013 Update / HS transcript (2013),Academic performance,9.98,Low,Weak (Cramer's V=0.081),Include,"Statistical association with target: Weak (Cramer's V=0.081) (supporting evidence only, not decisive)"
S1MTESTS,How much do you agree or disagree with the following statements about your [fall 2009 math] course? You are confident that you can do an excellent job on tests in this course Strongly agree Agree Disagree Strongly disagree,S1 - Base year student survey item (2009),Academic performance,18.95,Low,Weak (Cramer's V=0.069),Include,"Matched >1 dimension keyword set (assigned to Academic performance by priority order) -- verify against Description; Statistical association with target: Weak (Cramer's V=0.069) (supporting evidence only, not decisive)"
S1MUSEJOB,How much do you agree or disagree with the following statements about the usefulness of your [fall 2009 math] course? What students learn in this course... will be useful for a future career. Strongly agree Agree Disagree Strongly disagree,S1 - Base year student survey item (2009),Academic performance,19.74,Low,Weak (Cramer's V=0.066),Include,"Matched >1 dimension keyword set (assigned to Academic performance by priority order) -- verify against Description; Statistical association with target: Weak (Cramer's V=0.066) (supporting evidence only, not decisive)"
S1MCAREER,"Why are you taking [fall 2009 math course] ? [If late December or later add: (If you are no longer taking this course, think back to the fall when you answer this question and the questions that follow.)] (Check all that appply.) You really enjoy math You like to be challenged You had no choice, it is a school requirement The school counselor suggested you take it Your parent(s) encouraged you to take it A teacher encouraged you to take it There were no other math courses offered You will need it to get into college You will need it to succeed in college You will need it for your career It was assigned to you Some other reason You don't know why you are taking this course",S1 - Base year student survey item (2009),Academic performance,19.07,Low,Weak (Cramer's V=0.057),Include,"Matched >1 dimension keyword set (assigned to Academic performance by priority order) -- verify against Description; Statistical association with target: Weak (Cramer's V=0.057) (supporting evidence only, not decisive)"
S1MCLGSUCC,"Why are you taking [fall 2009 math course] ? [If late December or later add: (If you are no longer taking this course, think back to the fall when you answer this question and the questions that follow.)] (Check all that appply.) You really enjoy math You like to be challenged You had no choice, it is a school requirement The school counselor suggested you take it Your parent(s) encouraged you to take it A teacher encouraged you to take it There were no other math courses offered You will need it to get into college You will need it to succeed in college You will need it for your career It was assigned to you Some other reason You don't know why you are taking this course",S1 - Base year student survey item (2009),Academic performance,19.07,Low,Weak (Cramer's V=0.050),Include,"Matched >1 dimension keyword set (assigned to Academic performance by priority order) -- verify against Description; Statistical association with target: Weak (Cramer's V=0.050) (supporting evidence only, not decisive)"
S1MPARENT,"Why are you taking [fall 2009 math course] ? [If late December or later add: (If you are no longer taking this course, think back to the fall when you answer this question and the questions that follow.)] (Check all that appply.) You really enjoy math You like to be challenged You had no choice, it is a school requirement The school counselor suggested you take it Your parent(s) encouraged you to take it A teacher encouraged you to take it There were no other math courses offered You will need it to get into college You will need it to succeed in college You will need it for your career It was assigned to you Some other reason You don't know why you are taking this course",S1 - Base year student survey item (2009),Academic performance,19.07,Low,Weak (Cramer's V=0.063),Include,"Matched >1 dimension keyword set (assigned to Academic performance by priority order) -- verify against Description; Statistical association with target: Weak (Cramer's V=0.063) (supporting evidence only, not decisive)"
S1MCHALLENGE,"Why are you taking [fall 2009 math course] ? [If late December or later add: (If you are no longer taking this course, think back to the fall when you answer this question and the questions that follow.)] (Check all that appply.) You really enjoy math You like to be challenged You had no choice, it is a school requirement The school counselor suggested you take it Your parent(s) encouraged you to take it A teacher encouraged you to take it There were no other math courses offered You will need it to get into college You will need it to succeed in college You will need it for your career It was assigned to you Some other reason You don't know why you are taking this course",S1 - Base year student survey item (2009),Academic performance,19.07,Low,Weak (Cramer's V=0.083),Include,"Matched >1 dimension keyword set (assigned to Academic performance by priority order) -- verify against Description; Statistical association with target: Weak (Cramer's V=0.083) (supporting evidence only, not decisive)"
S1MENJOYS,"Why are you taking [fall 2009 math course] ? [If late December or later add: (If you are no longer taking this course, think back to the fall when you answer this question and the questions that follow.)] (Check all that appply.) You really enjoy math You like to be challenged You had no choice, it is a school requirement The school counselor suggested you take it Your parent(s) encouraged you to take it A teacher encouraged you to take it There were no other math courses offered You will need it to get into college You will need it to succeed in college You will need it for your career It was assigned to you Some other reason You don't know why you are taking this course",S1 - Base year student survey item (2009),Academic performance,19.07,Low,Weak (Cramer's V=0.081),Include,"Matched >1 dimension keyword set (assigned to Academic performance by priority order) -- verify against Description; Statistical association with target: Weak (Cramer's V=0.081) (supporting evidence only, not decisive)"
S1ALG2M09,"What math course(s) are you currently taking this fall? [What math course(s) were you taking in the fall (2009)?] (Check all that apply.) Algebra I including IA and IB Geometry Algebra II Trigonometry Review or Remedial Math including Basic, Business, Consumer, Functional or General math Integrated Math I Statistics or Probability Integrated Math II or above Pre-algebra Analytic Geometry Other advanced math course such as pre-calculus or calculus Other math course",S1 - Base year student survey item (2009),Academic performance,18.6,Low,Weak (Cramer's V=0.066),Include,"Statistical association with target: Weak (Cramer's V=0.066) (supporting evidence only, not decisive)"
S1GEOM09,"What math course(s) are you currently taking this fall? [What math course(s) were you taking in the fall (2009)?] (Check all that apply.) Algebra I including IA and IB Geometry Algebra II Trigonometry Review or Remedial Math including Basic, Business, Consumer, Functional or General math Integrated Math I Statistics or Probability Integrated Math II or above Pre-algebra Analytic Geometry Other advanced math course such as pre-calculus or calculus Other math course",S1 - Base year student survey item (2009),Academic performance,18.6,Low,Weak (Cramer's V=0.083),Include,"Statistical association with target: Weak (Cramer's V=0.083) (supporting evidence only, not decisive)"
S1ALG1M09,"What math course(s) are you currently taking this fall? [What math course(s) were you taking in the fall (2009)?] (Check all that apply.) Algebra I including IA and IB Geometry Algebra II Trigonometry Review or Remedial Math including Basic, Business, Consumer, Functional or General math Integrated Math I Statistics or Probability Integrated Math II or above Pre-algebra Analytic Geometry Other advanced math course such as pre-calculus or calculus Other math course",S1 - Base year student survey item (2009),Academic performance,18.6,Low,Weak (Cramer's V=0.090),Include,"Statistical association with target: Weak (Cramer's V=0.090) (supporting evidence only, not decisive)"
X3TNEWBASIC,"The new basics variable (X3TNEWBASIC) and similar composites (X3TCRSES1-5) are based on credit counts without regard to the level of courses completed (except for the condition that at least two credits in a single foreign language must be earned). Only credits accrued in 9th through 12th grade (or ungraded) are included. For a cross-subject coursetaking composite that takes into account the level of courses completed, see academic track/concentrator (X3TACADTRCK). Values indicate whether the sample member is on: (1) a college-bound core curriculum that includes at least 4 English credits, 3 math credits, 3 science credits, 3 social studies credits, .5 computer science credits, and 2 credits in a particular foreign language; (2) a core curriculum that includes at least 4 English credits, 3 math credits, 3 science credits, 3 social studies credits, and .5 computer science credits; (3) a college bound core curriculum without computer sciences that includes at least 4 English credits, 3 math credits, 3 science credits, 3 social studies credits, and 2 credits in a particular foreign language; (4) a core curriculum without computer sciences track that includes at least 4 English credits, 3 math credits, 3 science credits, and 3 social studies credits; (5) a minimal core curriculum that includes at least 4 English credits, 2 math credits, 2 science credits, and 3 social studies credits; or (6) all other patterns.",X3 - 2013 Update / HS transcript (2013),Academic performance,6.7,Low,Weak (Cramer's V=0.084),Include,"Matched >1 dimension keyword set (assigned to Academic performance by priority order) -- verify against Description; Statistical association with target: Weak (Cramer's V=0.084) (supporting evidence only, not decisive)"
S1MPERSON2,How much do you agree or disagree with the following statements? Others see you as a math person Strongly agree Agree Disagree Strongly disagree,S1 - Base year student survey item (2009),Academic performance,9.87,Low,Weak (Cramer's V=0.101),Include,"Statistical association with target: Weak (Cramer's V=0.101) (supporting evidence only, not decisive)"
S1MPERSON1,How much do you agree or disagree with the following statements? You see yourself as a math person Strongly agree Agree Disagree Strongly disagree,S1 - Base year student survey item (2009),Academic performance,9.17,Low,Weak (Cramer's V=0.106),Include,"Statistical association with target: Weak (Cramer's V=0.106) (supporting evidence only, not decisive)"
S1S8GRADE,"What was your final grade in this science course? (If your school uses numerical grades only, please answer in terms of the letter equivalent. If you don't know the equivalent, assume that... 90 to 100 is an ""A"", 80 to 89 is a ""B"", 70 to 79 is a ""C"", 60 to 69 is a ""D"", and anything less than 60 is ""below D"") A B C D Below D Your class was not graded",S1 - Base year student survey item (2009),Academic performance,11.82,Low,Weak (Cramer's V=0.086),Include,"Matched >1 dimension keyword set (assigned to Academic performance by priority order) -- verify against Description; Statistical association with target: Weak (Cramer's V=0.086) (supporting evidence only, not decisive)"
S1M8GRADE,"What was your final grade in this math course? (If your school uses numerical grades only, please answer in terms of the letter equivalent. If you don't know the equivalent, assume that... 90 to 100 is an ""A"", 80 to 89 is a ""B"", 70 to 79 is a ""C"", 60 to 69 is a ""D"", and anything less than 60 is ""below D"") A B C D Below D Your class was not graded",S1 - Base year student survey item (2009),Academic performance,10.68,Low,Weak (Cramer's V=0.082),Include,"Matched >1 dimension keyword set (assigned to Academic performance by priority order) -- verify against Description; Statistical association with target: Weak (Cramer's V=0.082) (supporting evidence only, not decisive)"
S1M8,"What math course did you take in the 8th grade? If you took more than one math course, please choose your most advanced or most difficult course. Math 8 Advanced or Honors Math 8 not including Algebra Pre-algebra Algebra I including IA and IB Algebra II or Trigonometry Geometry Integrated Math Other advanced math course such as pre-calculus or calculus Other math ""Other adv math course, pre-calculus"" recoded as ""Other math course"" on the public use file.",S1 - Base year student survey item (2009),Academic performance,9.98,Low,Weak (Cramer's V=0.082),Include,"Statistical association with target: Weak (Cramer's V=0.082) (supporting evidence only, not decisive)"
S1NOMSACT,"Since the beginning of the last school year (2008-2009), which of the following activities have you participated in? (Check all that apply.) Math club Math competition Math camp Math study groups or a program where you were tutored in math Science club Science competition Science camp Science study groups or a program where you were tutored in science None of these",S1 - Base year student survey item (2009),Academic performance,10.33,Low,Weak (Cramer's V=0.064),Include,"Statistical association with target: Weak (Cramer's V=0.064) (supporting evidence only, not decisive)"
S1SCOMPETE,"Since the beginning of the last school year (2008-2009), which of the following activities have you participated in? (Check all that apply.) Math club Math competition Math camp Math study groups or a program where you were tutored in math Science club Science competition Science camp Science study groups or a program where you were tutored in science None of these",S1 - Base year student survey item (2009),Academic performance,10.33,Low,Weak (Cramer's V=0.053),Include,"Statistical association with target: Weak (Cramer's V=0.053) (supporting evidence only, not decisive)"
S1MCOMPETE,"Since the beginning of the last school year (2008-2009), which of the following activities have you participated in? (Check all that apply.) Math club Math competition Math camp Math study groups or a program where you were tutored in math Science club Science competition Science camp Science study groups or a program where you were tutored in science None of these",S1 - Base year student survey item (2009),Academic performance,10.33,Low,Weak (Cramer's V=0.074),Include,"Statistical association with target: Weak (Cramer's V=0.074) (supporting evidence only, not decisive)"
S1MCLUB,"Since the beginning of the last school year (2008-2009), which of the following activities have you participated in? (Check all that apply.) Math club Math competition Math camp Math study groups or a program where you were tutored in math Science club Science competition Science camp Science study groups or a program where you were tutored in science None of these",S1 - Base year student survey item (2009),Academic performance,10.33,Low,Weak (Cramer's V=0.062),Include,"Statistical association with target: Weak (Cramer's V=0.062) (supporting evidence only, not decisive)"
S1LANG1ST,What was the first language you learned to speak when you were a child? Was it... English Spanish Another language English and Spanish equally or English and another language equally?,S1 - Base year student survey item (2009),Academic performance,8.87,Low,Weak (Cramer's V=0.055),Include,"Statistical association with target: Weak (Cramer's V=0.055) (supporting evidence only, not decisive)"
S1BIRTHYR,What is your year of birth? Years earlier than 1992 recoded to 1992 or earlier and years later than 1996 recoded to 1996 or later on the public use file.,S1 - Base year student survey item (2009),Academic performance,8.94,Low,Weak (Cramer's V=0.051),Include,"Statistical association with target: Weak (Cramer's V=0.051) (supporting evidence only, not decisive)"
S1MUNDERST,"When you are working on a math assignment, how often do you think you really understand the assignment? Never Rarely Sometimes Often",S1 - Base year student survey item (2009),Academic performance,9.2,Low,Weak (Cramer's V=0.079),Include,"Statistical association with target: Weak (Cramer's V=0.079) (supporting evidence only, not decisive)"
X1TXMTH3,"Mathematics theta score multiple imputation value (3 of 5). When the math test data were missing for student survey respondents, the math theta score was imputed with multiple imputation technique, with 5 imputed values. X1TXMTH is the mean of X1TXMTH1-5. The theta score provides a norm-referenced measurement of achievement, that is, an estimate of achievement relative to the population (fall 2009 9th graders) as a whole. It provides information on status compared to peers (as distinguished from the IRT-estimated scale score which represents status with respect to achievement on a particular criterion set of test items). The associated theta score is X1TXMTH. The standardized form of the theta score is X1TXMTSCOR. Mean Std Deviation Category Min Max Unweighted Unweighted ------------------- ------------------- ------------------- ------------------- ------------------- Continuous -8.0000 3.0283 -0.6698 2.4569","X1 - Base year (Fall 2009, 9th grade)",Academic performance,,Low,Weak (Eta-sq=0.016),Include,"Statistical association with target: Weak (Eta-sq=0.016) (supporting evidence only, not decisive)"
X1TXMTH2,"Mathematics theta score multiple imputation value (2 of 5). When the math test data were missing for student survey respondents, the math theta score was imputed with multiple imputation technique, with 5 imputed values. X1TXMTH is the mean of X1TXMTH1-5. The theta score provides a norm-referenced measurement of achievement, that is, an estimate of achievement relative to the population (fall 2009 9th graders) as a whole. It provides information on status compared to peers (as distinguished from the IRT-estimated scale score which represents status with respect to achievement on a particular criterion set of test items). The associated theta score is X1TXMTH. The standardized form of the theta score is X1TXMTSCOR. Mean Std Deviation Category Min Max Unweighted Unweighted ------------------- ------------------- ------------------- ------------------- ------------------- Continuous -8.0000 3.0283 -0.6691 2.4572","X1 - Base year (Fall 2009, 9th grade)",Academic performance,,Low,Weak (Eta-sq=0.016),Include,"Statistical association with target: Weak (Eta-sq=0.016) (supporting evidence only, not decisive)"
X1TXMTH1,"Mathematics theta score multiple imputation value (1 of 5). When the math test data were missing for student survey respondents, the math theta score was imputed with multiple imputation technique, with 5 imputed values. X1TXMTH is the mean of X1TXMTH1-5. The theta score provides a norm-referenced measurement of achievement, that is, an estimate of achievement relative to the population (fall 2009 9th graders) as a whole. It provides information on status compared to peers (as distinguished from the IRT-estimated scale score which represents status with respect to achievement on a particular criterion set of test items). The associated theta score is X1TXMTH. The standardized form of the theta score is X1TXMTSCOR. Mean Std Deviation Category Min Max Unweighted Unweighted ------------------- ------------------- ------------------- ------------------- ------------------- Continuous -8.0000 3.1250 -0.6693 2.4570","X1 - Base year (Fall 2009, 9th grade)",Academic performance,,Low,Weak (Eta-sq=0.016),Include,"Statistical association with target: Weak (Eta-sq=0.016) (supporting evidence only, not decisive)"
C1CLUSTER,"Are Career Clusters, Pathways, or Programs of Study (POS) offered to students in [your school]? Yes No",C1 - Base year counselor survey (2009),Career interests and aspirations,23.76,Low,Weak (Cramer's V=0.055),Include,"Statistical association with target: Weak (Cramer's V=0.055) (supporting evidence only, not decisive)"
P1HELPPAY,Do you or does anyone in your family plan to help [your 9th-grader] pay for [his/her] education after high school? Yes No You have not thought about this yet,P1 - Base year parent survey (2009),Academic performance,38.72,Low,Weak (Cramer's V=0.061),Include,"Matched >1 dimension keyword set (assigned to Academic performance by priority order) -- verify against Description; Statistical association with target: Weak (Cramer's V=0.061) (supporting evidence only, not decisive)"
P1START,When do you think [he/she] will start [his/her] education after high school? Within 3 months after completing high school Within 6 months after completing high school Within one year after completing high school More than one year after completing high school,P1 - Base year parent survey (2009),Academic performance,39.12,Low,Weak (Cramer's V=0.055),Include,"Statistical association with target: Weak (Cramer's V=0.055) (supporting evidence only, not decisive)"
P1TYPEPS,Do you think [your 9th-grader] will start [his/her] college education at... a technical institute a community college or other Associate's granting school besides a technical institute a Bachelor's granting 4-year college or you have not thought about this yet?,P1 - Base year parent survey (2009),Academic performance,38.82,Low,Weak (Cramer's V=0.093),Include,"Statistical association with target: Weak (Cramer's V=0.093) (supporting evidence only, not decisive)"
P1ABLEBA,"Whatever [your 9th-grader]'s plans, do you think [he/she] has the ability to complete a Bachelor's degree? Would you say� definitely probably probably not or definitely not?",P1 - Base year parent survey (2009),Academic performance,34.26,Low,Weak (Cramer's V=0.082),Include,"Statistical association with target: Weak (Cramer's V=0.082) (supporting evidence only, not decisive)"
P1EDUEXPECT,"As things stand now, how far in school do you think [he/she] will actually get? Less than high school High school diploma or GED Start but not complete an Associate's degree Complete an Associate's degree Start but not complete a Bachelor's degree Complete a Bachelor's degree Start but not complete a Master's degree Complete a Master's degree Start but not complete a Ph.D., M.D., law degree, or other high level professional degree Complete a Ph.D., M.D., law degree, or other high level professional degree Don't know",P1 - Base year parent survey (2009),Academic performance,33.3,Low,Weak (Cramer's V=0.072),Include,"Statistical association with target: Weak (Cramer's V=0.072) (supporting evidence only, not decisive)"
P1EDUASPIRE,"If there were no barriers, how far in school would you want [your 9th-grader] to go? Less than high school High school diploma or GED Start but not complete an Associate's degree Complete an Associate's degree Start but not complete a Bachelor's degree Complete a Bachelor's degree Start but not complete a Master's degree Complete a Master's degree Start but not complete a Ph.D., M.D., law degree, or other high level professional degree Complete a Ph.D., M.D., law degree, or other high level professional degree",P1 - Base year parent survey (2009),Academic performance,33.51,Low,Weak (Cramer's V=0.076),Include,"Statistical association with target: Weak (Cramer's V=0.076) (supporting evidence only, not decisive)"
X2MTHEFF,"This variable is a scale of the sample member's math self-efficacy; higher X2MTHEFF values represent higher math self-efficacy. Variable was created through principal components factor analysis (weighted by W2STUDENT) and standardized to a mean of 0 and standard deviation of 1. The inputs to this scale were S2MTESTS, S2MTEXTBOOK, S2MSKILLS, and S2MASSEXCL. Only respondents who provided a full set of responses were assigned a scale value. The coefficient of reliability (alpha) for the scale is .65 or higher. For more information on this scale score, please see chapter 5 of the F1 Data File Documentation (NCES 2014-361). Mean Std Deviation Category Min Max Unweighted Unweighted ------------------- ------------------- ------------------- ------------------- ------------------- Continuous -9.00 1.73 -1.27 3.16","X2 - First follow-up (Spring 2012, 11th grade)",Skills and self-efficacy,,Low,Weak (Eta-sq=0.017),Include,"Matched >1 dimension keyword set (assigned to Skills and self-efficacy by priority order) -- verify against Description; Statistical association with target: Weak (Eta-sq=0.017) (supporting evidence only, not decisive)"
P1LIBRARY,"During the last 12 months, which of the following activities have you or another family member done with [your 9th-grader]? (Check all that apply.) Visited a zoo, planetarium, natural history museum, transportation museum, or a similar museum Worked or played on a computer together Built or fixed something such as a vehicle or appliance Attended a school science fair Helped [your 9th-grader] with a school science fair project Discussed a program or article about math, science, or technology Visited a library Gone to a play, concert, or other live show None of these",P1 - Base year parent survey (2009),Academic performance,34.27,Low,Weak (Cramer's V=0.057),Include,"Matched >1 dimension keyword set (assigned to Academic performance by priority order) -- verify against Description; Statistical association with target: Weak (Cramer's V=0.057) (supporting evidence only, not decisive)"
P1STEMDISC,"During the last 12 months, which of the following activities have you or another family member done with [your 9th-grader]? (Check all that apply.) Visited a zoo, planetarium, natural history museum, transportation museum, or a similar museum Worked or played on a computer together Built or fixed something such as a vehicle or appliance Attended a school science fair Helped [your 9th-grader] with a school science fair project Discussed a program or article about math, science, or technology Visited a library Gone to a play, concert, or other live show None of these",P1 - Base year parent survey (2009),Academic performance,34.27,Low,Weak (Cramer's V=0.066),Include,"Matched >1 dimension keyword set (assigned to Academic performance by priority order) -- verify against Description; Statistical association with target: Weak (Cramer's V=0.066) (supporting evidence only, not decisive)"
X1TXMTH5,"Mathematics theta score multiple imputation value (5 of 5). When the math test data were missing for student survey respondents, the math theta score was imputed with multiple imputation technique, with 5 imputed values. X1TXMTH is the mean of X1TXMTH1-5. The theta score provides a norm-referenced measurement of achievement, that is, an estimate of achievement relative to the population (fall 2009 9th graders) as a whole. It provides information on status compared to peers (as distinguished from the IRT-estimated scale score which represents status with respect to achievement on a particular criterion set of test items). The associated theta score is X1TXMTH. The standardized form of the theta score is X1TXMTSCOR. Mean Std Deviation Category Min Max Unweighted Unweighted ------------------- ------------------- ------------------- ------------------- ------------------- Continuous -8.0000 3.0974 -0.6696 2.4569","X1 - Base year (Fall 2009, 9th grade)",Academic performance,,Low,Weak (Eta-sq=0.016),Include,"Statistical association with target: Weak (Eta-sq=0.016) (supporting evidence only, not decisive)"
X1TXMTSCOR,"The math standardized T score provides a norm-referenced measurement of achievement, that is, an estimate of achievement relative to the population (fall 2009 9th graders) as a whole. It provides information on status compared to peers (as distinguished from the IRT-estimated percent-correct score which represents status with respect to achievement on a particular criterion set of test items). The standardized T score is a transformation of the IRT theta (ability) estimate, rescaled to a mean of 50 and standard deviation of 10. An advantage of the standardized score over the raw theta score is that it facilitates comparisons in standard deviation units. See Chapter 2 of the HSLS:09 Base-Year Data File Documentation (NCES 2011-328) for more information on the derivation of the math T score. Mean Std Deviation Category Min Max Unweighted Unweighted ------------------- ------------------- ------------------- ------------------- ------------------- Continuous -8.0000 82.1876 45.9312 19.2860","X1 - Base year (Fall 2009, 9th grade)",Academic performance,,Low,Weak (Eta-sq=0.027),Include,"Statistical association with target: Weak (Eta-sq=0.027) (supporting evidence only, not decisive)"
X1TXMSCR,The math IRT-estimated scale score is a criterion-referenced measure of achievement. The criterion is the set of skills defined by the HSLS:09 framework and represented by the 72 items in the HSLS:09 math item pool. The estimated scale score for math is an estimate of the number of items students would have answered correctly had they responded to all 72 items in the item pool. The ability estimates and item parameters derived from the IRT calibration can be used to calculate each student's probability of a correct answer for each of the items in the pool. These probabilities are summed to produce the IRT-estimated number-correct scale score. See Chapter 2 of the HSLS:09 Base-Year Data File Documentation (NCES 2011-328) for more information on the derivation of the math scale score score. Mean Std Deviation Category Min Max Unweighted Unweighted ------------------- ------------------- ------------------- ------------------- ------------------- Continuous -8.0000 69.9317 35.9645 17.7911,"X1 - Base year (Fall 2009, 9th grade)",Skills and self-efficacy,,Low,Weak (Eta-sq=0.042),Include,"Statistical association with target: Weak (Eta-sq=0.042) (supporting evidence only, not decisive)"
X1TXMTH,"The math theta score represents the student's ability level on a continuous scale. The theta score provides a norm-referenced measurement of achievement, that is, an estimate of achievement relative to the population (fall 2009 9th graders) as a whole. It provides information on status compared to peers (as distinguished from the IRT-estimated scale score which represents status with respect to achievement on a particular criterion set of test items). When the score is not available, X1TXMTH1-5 are created as the multiple imputation values for X1TXMTH. X1TXMTH is the mean of X1TXMTH1-5. The standard error of measurement for the theta score is X1TXMSEM. The standardized form of the mathematics theta score is X1TXMTSCOR. See Chapter 2 of the HSLS:09 Base-Year Data File Documentation (NCES 2011-328) for more information on the derivation of the math theta score. Mean Std Deviation Category Min Max Unweighted Unweighted ------------------- ------------------- ------------------- ------------------- ------------------- Continuous -8.0000 3.0283 -0.6693 2.4536","X1 - Base year (Fall 2009, 9th grade)",Academic performance,,Low,Weak (Eta-sq=0.016),Include,"Statistical association with target: Weak (Eta-sq=0.016) (supporting evidence only, not decisive)"
X1BLACK,"The sample member's race/ethnicity is characterized by a series of six dichotomous composite variables (the student is/is not white, the student is/is not black, etc.). The six dichotomous composite race/ethnicity variables are X1HISPANIC, X1WHITE, X1BLACK, X1ASIAN, X1PACISLE, and X1AMINDIAN. Each of these dichotomous composites is based on data from the student questionnaire; if missing from the student questionnaire, they are based on the presence of the race/ethnicity from the school-provided sampling roster; if still missing, they are based on the presence of the race/ethnicity from the parent questionnaire (if parent questionnaire data includes race/ethnicity information for biological parents) ; if still missing, they are based on the presence of another race/ethnicity on the school-provided sampling roster (to set values to ""No""). The six dichotomous race/ethnicity composites are then used in conjunction to produce the summary race/ethnicity composite X1RACE.","X1 - Base year (Fall 2009, 9th grade)",Demographic or socioeconomic controls,2.4,Low,Weak (Cramer's V=0.080),Include,"Statistical association with target: Weak (Cramer's V=0.080) (supporting evidence only, not decisive)"
X1WHITE,"The sample member's race/ethnicity is characterized by a series of six dichotomous composite variables (the student is/is not white, the student is/is not black, etc.). The six dichotomous composite race/ethnicity variables are X1HISPANIC, X1WHITE, X1BLACK, X1ASIAN, X1PACISLE, and X1AMINDIAN. Each of these dichotomous composites is based on data from the student questionnaire; if missing from the student questionnaire, they are based on the presence of the race/ethnicity from the school-provided sampling roster; if still missing, they are based on the presence of the race/ethnicity from the parent questionnaire (if parent questionnaire data includes race/ethnicity information for biological parents) ; if still missing, they are based on the presence of another race/ethnicity on the school-provided sampling roster (to set values to ""No""). The six dichotomous race/ethnicity composites are then used in conjunction to produce the summary race/ethnicity composite X1RACE.","X1 - Base year (Fall 2009, 9th grade)",Demographic or socioeconomic controls,2.4,Low,Weak (Cramer's V=0.073),Include,"Statistical association with target: Weak (Cramer's V=0.073) (supporting evidence only, not decisive)"
X1HISPANIC,"The sample member's race/ethnicity is characterized by a series of six dichotomous composite variables (the student is/is not white, the student is/is not black, etc.). The six dichotomous composite race/ethnicity variables are X1HISPANIC, X1WHITE, X1BLACK, X1ASIAN, X1PACISLE, and X1AMINDIAN. Each of these dichotomous composites is based on data from the student questionnaire; if missing from the student questionnaire, they are based on the presence of the race/ethnicity from the school-provided sampling roster; if still missing, they are based on the presence of the race/ethnicity from the parent questionnaire (if parent questionnaire data includes race/ethnicity information for biological parents); if still missing, they are based on the presence of another race/ethnicity on the school-provided sampling roster (to set values to ""No""). The six dichotomous race/ethnicity composites are then used in conjunction to produce the summary race/ethnicity composite X1RACE.","X1 - Base year (Fall 2009, 9th grade)",Demographic or socioeconomic controls,4.28,Low,Weak (Cramer's V=0.055),Include,"Statistical association with target: Weak (Cramer's V=0.055) (supporting evidence only, not decisive)"
X1RACE,"X1RACE characterizes the sample member's race/ethnicity by summarizing the following six dichotomous race/ethnicity composites: X1HISPANIC, X1WHITE, X1BLACK, X1ASIAN, X1PACISLE, and X1AMINDIAN. The dichotomous race/ethnicity composites are based on data from the student questionnaire, if available; if not available from the student questionnaire, they are based on, in order of preference, data from the school-provided sampling roster or data from the parent questionnaire. X1RACE is derived from the six dichotomous race/ethnicity variables listed above (though the imputed values of X1WHITE, X1BLACK, X1ASIAN, X1PACISLE, and X1AMINDIAN are not stored on the data file). If any of these input variables are imputed, then the imputation flag for X1RACE (X1RACE _IM) is set to 1.","X1 - Base year (Fall 2009, 9th grade)",Demographic or socioeconomic controls,4.28,Low,Weak (Cramer's V=0.070),Include,"Statistical association with target: Weak (Cramer's V=0.070) (supporting evidence only, not decisive)"
X3CLASSES_IM,Flag indicating whether the variable X3CLASSES was statistically imputed or not imputed.,X3 - 2013 Update / HS transcript (2013),Demographic or socioeconomic controls,0.0,Low,Weak (Cramer's V=0.059),Include,"Statistical association with target: Weak (Cramer's V=0.059) (supporting evidence only, not decisive)"
P1SHOW,"During the last 12 months, which of the following activities have you or another family member done with [your 9th-grader]? (Check all that apply.) Visited a zoo, planetarium, natural history museum, transportation museum, or a similar museum Worked or played on a computer together Built or fixed something such as a vehicle or appliance Attended a school science fair Helped [your 9th-grader] with a school science fair project Discussed a program or article about math, science, or technology Visited a library Gone to a play, concert, or other live show None of these",P1 - Base year parent survey (2009),Academic performance,34.27,Low,Weak (Cramer's V=0.071),Include,"Matched >1 dimension keyword set (assigned to Academic performance by priority order) -- verify against Description; Statistical association with target: Weak (Cramer's V=0.071) (supporting evidence only, not decisive)"
X2MTHUTI,"This variable is a scale of the sample member's perception of the utility of mathematics; higher values represent perceptions of greater mathematics utility. Variable was created through principal components factor analysis (weighted by W2STUDENT) and standardized to a mean of 0 and standard deviation of 1. The inputs to this scale were S2MUSELIFE, S2MUSECLG, and S2MUSEJOB. Only respondents who provided a full set of responses were assigned a scale value. The coefficient of reliability (alpha) for the scale is .65 or higher. For more information on this scale score, please see chapter 5 of the F1 Data File Documentation (NCES 2014-361). Mean Std Deviation Category Min Max Unweighted Unweighted ------------------- ------------------- ------------------- ------------------- ------------------- Continuous -9.00 1.21 -1.23 3.07","X2 - First follow-up (Spring 2012, 11th grade)",Career interests and aspirations,,Low,Weak (Eta-sq=0.015),Include,"Matched >1 dimension keyword set (assigned to Career interests and aspirations by priority order) -- verify against Description; Statistical association with target: Weak (Eta-sq=0.015) (supporting evidence only, not decisive)"
X2MTHID,"This variable is a scale of the sample member's math identity. Sample members who tend to agree with the statements ""You see yourself as a math person"" and/or ""Others see me as a math person"" will have higher values for X2MTHID. This variable was created through principal components factor analysis (weighted by W2STUDENT) and standardized to a mean of 0 and standard deviation of 1. The inputs to this scale were S2MPERSON1 and S2MPERSON2. Only respondents who provided a full set of responses were assigned a scale value. The coefficient of reliability (alpha) for the scale is .65 or higher. For more information on this scale score, please see chapter 5 of the F1 Data File Documentation (NCES 2014-361). Mean Std Deviation Category Min Max Unweighted Unweighted ------------------- ------------------- ------------------- ------------------- ------------------- Continuous -9.00 1.82 -1.16 3.07","X2 - First follow-up (Spring 2012, 11th grade)",Skills and self-efficacy,,Low,Weak (Eta-sq=0.027),Include,"Matched >1 dimension keyword set (assigned to Skills and self-efficacy by priority order) -- verify against Description; Statistical association with target: Weak (Eta-sq=0.027) (supporting evidence only, not decisive)"
X2SEFFORT,"This variable is a scale of the students answers science effort. Higher values represent more positive assessments of the school's problems. Variable was created through principal components factor analysis and standardized to a mean of 0 and standard deviation of 1. The inputs to this scale were S2SATTENTION, S2SONTIME, S2SSTOPTRYING, S2SGETBY. If the student indicated that he or she was not taking a fall science class, this variable is set to -7. Mean Std Deviation Category Min Max Unweighted Unweighted ------------------- ------------------- ------------------- ------------------- ------------------- Continuous -9.00 1.10 -2.59 3.74","X2 - First follow-up (Spring 2012, 11th grade)",Academic performance,,Low,Weak (Eta-sq=0.021),Include,"Matched >1 dimension keyword set (assigned to Academic performance by priority order) -- verify against Description; Statistical association with target: Weak (Eta-sq=0.021) (supporting evidence only, not decisive)"
X2MEFFORT,"This variable is a scale of the students answers math effort. Higher values represent more positive assessments of the school's problems. Variable was created through principal components factor analysis and standardized to a mean of 0 and standard deviation of 1. The inputs to this scale were S2MATTENTION, S2MONTIME, S2MSTOPTRYING, S2MGETBY. If the student indicated that he or she was not taking a fall math class, this variable is set to -7. Mean Std Deviation Category Min Max Unweighted Unweighted ------------------- ------------------- ------------------- ------------------- ------------------- Continuous -9.00 1.18 -2.07 3.57","X2 - First follow-up (Spring 2012, 11th grade)",Behavioral or psychological factors,,Low,Weak (Eta-sq=0.016),Include,"Matched >1 dimension keyword set (assigned to Behavioral or psychological factors by priority order) -- verify against Description; Statistical association with target: Weak (Eta-sq=0.016) (supporting evidence only, not decisive)"
X2SESQ5_U,"This variable is the quintile of X2SES_U, weighted using the student weight (W2STUDENT). For more information on this variable, please refer to section 7.3.2.2 of the HSLS:09 F1 Data File Documentation (NCES 2014-361).","X2 - First follow-up (Spring 2012, 11th grade)",Demographic or socioeconomic controls,10.99,Low,Weak (Cramer's V=0.095),Include,"Statistical association with target: Weak (Cramer's V=0.095) (supporting evidence only, not decisive)"
X2SESQ5,"This variable is the quintile of X2SES, weighted using the student weight (W2STUDENT). For more information on this variable, please refer to section 7.3.2.2 of the HSLS:09 F1 Data File Documentation (NCES 2014-361).","X2 - First follow-up (Spring 2012, 11th grade)",Demographic or socioeconomic controls,10.99,Low,Weak (Cramer's V=0.098),Include,"Statistical association with target: Weak (Cramer's V=0.098) (supporting evidence only, not decisive)"
X2POVERTY185,"X2POVERTY185 indicates whether the sample member's family was at/above or below 185% of the 2011 poverty threshold, as set forth by the U.S. Census Bureau. Both family income and household size are considered when calculating whether a family is at/above or below 185% of the poverty threshold. If X2FAMINCOME or X2HHNUMBER are imputed, then the imputation flag for the poverty variables (X2POVERTY_IM) is set to 1. Unit nonresponse for this composite is less than the set of F1 student nonrespondents (X2SQSTAT>7) due to inclusion of parent data for student nonrespondents and questionnaire incapables. The additional parent data are available for use with the W2PARENT weight. See https://www.census.gov/data/tables/time-series/demo/income-poverty/historical-poverty-thresholds.html for further detail on 2011 poverty thresholds.","X2 - First follow-up (Spring 2012, 11th grade)",Demographic or socioeconomic controls,10.99,Low,Weak (Cramer's V=0.092),Include,"Statistical association with target: Weak (Cramer's V=0.092) (supporting evidence only, not decisive)"
X2POVERTY130,"X2POVERTY130 indicates whether the sample member's family was at/above or below 130% of the 2011 poverty threshold, as set forth by the U.S. Census Bureau. Both family income and household size are considered when calculating whether a family is at/above or below 130% of the poverty threshold. If X2FAMINCOME or X2HHNUMBER are imputed, then the imputation flag for the poverty variables (X2POVERTY_IM) is set to 2. Unit nonresponse for this composite is less than the set of F1 student nonrespondents (X2SQSTAT>7) due to inclusion of parent data for student nonrespondents and questionnaire incapables. The additional parent data are available for use with the W2PARENT weight. See https://www.census.gov/data/tables/time-series/demo/income-poverty/historical-poverty-thresholds.html for further detail on 2011 poverty thresholds.","X2 - First follow-up (Spring 2012, 11th grade)",Demographic or socioeconomic controls,10.99,Low,Weak (Cramer's V=0.078),Include,"Statistical association with target: Weak (Cramer's V=0.078) (supporting evidence only, not decisive)"
X2POVERTY,"X2POVERTY indicates whether the sample member's family was at/above or below the 2011 poverty threshold, as set forth by the U.S. Census Bureau. Both family income and household size are considered when calculating whether a family is at/above or below the poverty threshold. If X2FAMINCOME or X2HHNUMBER are imputed, then the imputation flag for the poverty variables (X2POVERTY_IM) is set to 2. Unit nonresponse for this composite is less than the set of F1 student nonrespondents (X2SQSTAT>7) due to inclusion of parent data for student nonrespondents and questionnaire incapables. The additional parent data are available for use with the W2PARENT weight. See https://www.census.gov/data/tables/time-series/demo/income-poverty/historical-poverty-thresholds.html for further detail on 2011 poverty thresholds.","X2 - First follow-up (Spring 2012, 11th grade)",Demographic or socioeconomic controls,10.99,Low,Weak (Cramer's V=0.071),Include,"Statistical association with target: Weak (Cramer's V=0.071) (supporting evidence only, not decisive)"
X2FAMINCOME,"X2FAMINCOME is a categorical variable which indicates the sample member's family income from all sources in 2011, as reported by the parent questionnaire respondent. If missing from the parent questionnaire, X2FAMINCOME is statistically imputed (imputed values in X2FAMINCOME can be identified by using X2FAMINC_IM=2).","X2 - First follow-up (Spring 2012, 11th grade)",Demographic or socioeconomic controls,10.99,Low,Weak (Cramer's V=0.051),Include,"Statistical association with target: Weak (Cramer's V=0.051) (supporting evidence only, not decisive)"
X1TXMTH4,"Mathematics theta score multiple imputation value (4 of 5). When the math test data were missing for student survey respondents, the math theta score was imputed with multiple imputation technique, with 5 imputed values. X1TXMTH is the mean of X1TXMTH1-5. The theta score provides a norm-referenced measurement of achievement, that is, an estimate of achievement relative to the population (fall 2009 9th graders) as a whole. It provides information on status compared to peers (as distinguished from the IRT-estimated scale score which represents status with respect to achievement on a particular criterion set of test items). The associated theta score is X1TXMTH. The standardized form of the theta score is X1TXMTSCOR. Mean Std Deviation Category Min Max Unweighted Unweighted ------------------- ------------------- ------------------- ------------------- ------------------- Continuous -8.0000 3.0283 -0.6685 2.4571","X1 - Base year (Fall 2009, 9th grade)",Academic performance,,Low,Weak (Eta-sq=0.016),Include,"Statistical association with target: Weak (Eta-sq=0.016) (supporting evidence only, not decisive)"
X2TXMPROF4,"The math proficiency probability scores are criterion-referenced and are based on clusters of items that mark seven levels on the mathematics scale developed in the HSLS:09 first follow-up. The levels are hierarchical in the sense that mastery of a higher level typically implies proficiency at the lower levels. The HSLS:09 first follow-up proficiency probabilities were computed using IRT-estimated item parameters. Each proficiency probability represents the probability that a student would pass a given proficiency level. Clusters of four items were identified that marked mathematics level 4: systems of equations. Students able to answer questions such as these have an understanding of systems of linear equations and can solve such systems algebraically and graphically and characterize the lines (parallel, intersecting, collinear) represented by a system of linear equations. See Chapter 2 of the HSLS:09 F1 Data File Documentation (NCES 2014-361) for more information on the derivation of the math proficiency probability scores. Mean Std Deviation Category Min Max Unweighted Unweighted ------------------- ------------------- ------------------- ------------------- ------------------- Continuous -8.0000 1.0000 -0.6990 2.7640","X2 - First follow-up (Spring 2012, 11th grade)",Academic performance,,Low,Weak (Eta-sq=0.015),Include,"Statistical association with target: Weak (Eta-sq=0.015) (supporting evidence only, not decisive)"
X2TXMPROF3,"The math proficiency probability scores are criterion-referenced and are based on clusters of items that mark seven levels on the mathematics scale developed in the HSLS:09 first follow-up. The levels are hierarchical in the sense that mastery of a higher level typically implies proficiency at the lower levels. The HSLS:09 first follow-up proficiency probabilities were computed using IRT-estimated item parameters. Each proficiency probability represents the probability that a student would pass a given proficiency level. Clusters of four items were identified that marked mathematics level 3: algebraic equivalents. Students able to answer questions such as these have an understanding of algebraic equivalents and can link equivalent tabular and symbolic representations of linear equations, identify equivalent lines and find the sum of variable expressions. See Chapter 2 of the HSLS:09 F1 Data File Documentation (NCES 2014-361) for more information on the derivation of the math proficiency probability scores. Mean Std Deviation Category Min Max Unweighted Unweighted ------------------- ------------------- ------------------- ------------------- ------------------- Continuous -8.0000 1.0000 -0.3884 2.8804","X2 - First follow-up (Spring 2012, 11th grade)",Academic performance,,Low,Weak (Eta-sq=0.010),Include,"Statistical association with target: Weak (Eta-sq=0.010) (supporting evidence only, not decisive)"
X2X1TXMSCR,The math IRT-estimated number correct is a criterion-referenced measure of achievement at the time of the Base Year assessment. The criterion is the set of skills defined by both the HSLS:09 Base Year and First Follow-up framework and represented by the 118 items used to score the HSLS:09 First Follow-up mathematics assessment. The estimated number correct for math is an estimate of the number of items students would have answered correctly had they responded to all 118 items in the item pool. The ability estimates (Thetas) from the Base Year and item parameters derived from the IRT calibration were used to calculate each student's probability of a correct answer for each of the items in the pool. These probabilities are summed to produce the IRT-estimated number-correct scale score. See Chapter 2 of the HSLS:09 First Follow-up Data File Documentation (NCES 2014-361) for more information on the derivation of the math estimated number correct. Mean Std Deviation Category Min Max Unweighted Unweighted ------------------- ------------------- ------------------- ------------------- ------------------- Continuous -9.0000 103.7880 43.2874 30.0057,"X2 - First follow-up (Spring 2012, 11th grade)",Academic performance,,Low,Weak (Eta-sq=0.039),Include,"Matched >1 dimension keyword set (assigned to Academic performance by priority order) -- verify against Description; Statistical association with target: Weak (Eta-sq=0.039) (supporting evidence only, not decisive)"
X2TXMTH,"The math theta score represents the student's ability level on a continuous scale. The theta score provides a norm-referenced measurement of achievement, that is, an estimate of achievement relative to the population (fall 2009 9th graders) as a whole. It provides information on status compared to peers (as distinguished from the IRT-estimated scale score which represents status with respect to achievement on a particular criterion set of test items). When the score is not available, X2TXMTH1-5 are created as the multiple imputation values for X2TXMTH. X2TXMTH is the mean of X2TXMTH1-5. The standard error of measurement for the theta score is X2TXMSEM. The standardized form of the mathematics theta score is X2TXMTSCOR. See Chapter 2 of the HSLS:09 F1 Data File Documentation (NCES 2014-361) for more information on the derivation of the math theta score. Mean Std Deviation Category Min Max Unweighted Unweighted ------------------- ------------------- ------------------- ------------------- ------------------- Continuous -8.0000 4.5046 -0.3623 3.0663","X2 - First follow-up (Spring 2012, 11th grade)",Academic performance,,Low,Weak (Eta-sq=0.046),Include,"Statistical association with target: Weak (Eta-sq=0.046) (supporting evidence only, not decisive)"
X2BLACK,"The sample member's race/ethnicity is characterized by a series of six dichotomous composite variables (the student is/is not white, the student is/is not black, etc.). The six dichotomous composite race/ethnicity variables are X2HISPANIC, X2WHITE, X2BLACK, X2ASIAN, X2PACISLE, and X2AMINDIAN. Each of these dichotomous composites is pulled from the base year composite when not imputed, otherwise it is based on data from the F1 student questionnaire; if still missing, they are based on the presence of the race/ethnicity from the F1 parent questionnaire (if parent questionnaire data includes race/ethnicity information for biological parents). The six dichotomous race/ethnicity composites are then used in conjunction to produce the summary race/ethnicity composite X2RACE.","X2 - First follow-up (Spring 2012, 11th grade)",Demographic or socioeconomic controls,1.12,Low,Weak (Cramer's V=0.082),Include,"Statistical association with target: Weak (Cramer's V=0.082) (supporting evidence only, not decisive)"
X2WHITE,"The sample member's race/ethnicity is characterized by a series of six dichotomous composite variables (the student is/is not white, the student is/is not black, etc.). The six dichotomous composite race/ethnicity variables are X2HISPANIC, X2WHITE, X2BLACK, X2ASIAN, X2PACISLE, and X2AMINDIAN. Each of these dichotomous composites is pulled from the base year composite when not imputed, otherwise it is based on data from the F1 student questionnaire; if still missing, they are based on the presence of the race/ethnicity from the F1 parent questionnaire (if parent questionnaire data includes race/ethnicity information for biological parents). The six dichotomous race/ethnicity composites are then used in conjunction to produce the summary race/ethnicity composite X2RACE.","X2 - First follow-up (Spring 2012, 11th grade)",Demographic or socioeconomic controls,1.12,Low,Weak (Cramer's V=0.074),Include,"Statistical association with target: Weak (Cramer's V=0.074) (supporting evidence only, not decisive)"
X2HISPANIC,"The sample member's race/ethnicity is characterized by a series of six dichotomous composite variables (the student is/is not white, the student is/is not black, etc.). The six dichotomous composite race/ethnicity variables are X2HISPANIC, X2WHITE, X2BLACK, X2ASIAN, X2PACISLE, and X2AMINDIAN. Each of these dichotomous composites is pulled from the base year composite when not imputed, otherwise it is based on data from the F1 student questionnaire; if still missing, they are based on the presence of the race/ethnicity from the F1 parent questionnaire (if parent questionnaire data includes race/ethnicity information for biological parents). The six dichotomous race/ethnicity composites are then used in conjunction to produce the summary race/ethnicity composite X2RACE.","X2 - First follow-up (Spring 2012, 11th grade)",Demographic or socioeconomic controls,0.0,Low,Weak (Cramer's V=0.076),Include,"Statistical association with target: Weak (Cramer's V=0.076) (supporting evidence only, not decisive)"
X2RACE,"X2RACE characterizes the sample member's race/ethnicity by summarizing the following six dichotomous race/ethnicity composites: X2HISPANIC, X2WHITE, X2BLACK, X2ASIAN, X2PACISLE, and X2AMINDIAN. Each of these dichotomous composites is pulled from the base year composite when not imputed, otherwise it is based on data from the F1 student questionnaire; if still missing, they are based on the presence of the race/ethnicity from the F1 parent questionnaire (if parent questionnaire data includes race/ethnicity information for biological parents). X2RACE is derived from the six dichotomous race/ethnicity variables listed above (though the imputed values of X2WHITE, X2BLACK, X2ASIAN, X2PACISLE, and X2AMINDIAN are not stored on the data file). If any of these input variables are imputed, then the imputation flag for X2RACE (X2RACE _IM) is set (1=imputed in BY, 2=imputed in F1).","X2 - First follow-up (Spring 2012, 11th grade)",Demographic or socioeconomic controls,0.0,Low,Weak (Cramer's V=0.077),Include,"Statistical association with target: Weak (Cramer's V=0.077) (supporting evidence only, not decisive)"
X1PAREDEXPCT,"X1PAREDEXPCT indicates the highest level of education the parent questionnaire respondent expects the sample member to achieve. X1PAREDEXPCT is taken from the base year parent questionnaire; if missing from the base year parent questionnaire, X1PAREDEXPCT is statistically imputed (imputed values in X1PAREDEXPCT can be identified using X1PAREDEX_IM).","X1 - Base year (Fall 2009, 9th grade)",Academic performance,28.71,Low,Weak (Cramer's V=0.071),Include,"Statistical association with target: Weak (Cramer's V=0.071) (supporting evidence only, not decisive)"
X1STUEDEXPCT,"Indicates the highest level of education the sample member expects to achieve. X1STUEDEXPCT is drawn from the student questionnaire, and if missing from the student questionnaire, is statistically imputed (imputed values in X1STUEDEXPCT can be identified using X1STUEDEX_IM).","X1 - Base year (Fall 2009, 9th grade)",Academic performance,8.76,Low,Weak (Cramer's V=0.083),Include,"Statistical association with target: Weak (Cramer's V=0.083) (supporting evidence only, not decisive)"
P1FIXED,"During the last 12 months, which of the following activities have you or another family member done with [your 9th-grader]? (Check all that apply.) Visited a zoo, planetarium, natural history museum, transportation museum, or a similar museum Worked or played on a computer together Built or fixed something such as a vehicle or appliance Attended a school science fair Helped [your 9th-grader] with a school science fair project Discussed a program or article about math, science, or technology Visited a library Gone to a play, concert, or other live show None of these",P1 - Base year parent survey (2009),Academic performance,34.27,Low,Weak (Cramer's V=0.094),Include,"Matched >1 dimension keyword set (assigned to Academic performance by priority order) -- verify against Description; Statistical association with target: Weak (Cramer's V=0.094) (supporting evidence only, not decisive)"
X2DADREL,"Indicates whether or not there is a biological, adoptive, or step father in the sample member's household identified in the first-followup parent questionnaire. For the few cases where there are multiple dads in the household, the priority is biological over adoptive and adoptive over step. X2DADREL is derived from two composite variables (X2P1RELATION and X2P2RELATION) which can contain imputed values; if either of these two input variables is imputed and the presence of a father in the household could not be determined from unimputed data, then the imputation flag for X2DADREL (X2DADREL_IM) is set to 2.","X2 - First follow-up (Spring 2012, 11th grade)",Demographic or socioeconomic controls,10.99,Low,Weak (Cramer's V=0.051),Include,"Statistical association with target: Weak (Cramer's V=0.051) (supporting evidence only, not decisive)"
S1SREASFRND,"What are the reasons you plan to take more science courses during high school? (Check all that apply.) Taking more science courses is required to graduate Your parents will want you to Your teachers will want you to Your school counselor will want you to You are good at science You will need a lot of science courses for the type of career you want Most students who are like you take a lot of science courses You enjoy studying science Taking more science courses will be useful for getting into college Taking more science courses will be useful in college Your friends are going to take more science courses Some other reason You don't know why, you just probably will",S1 - Base year student survey item (2009),Academic performance,14.64,Low,Weak (Cramer's V=0.051),Include,"Matched >1 dimension keyword set (assigned to Academic performance by priority order) -- verify against Description; Statistical association with target: Weak (Cramer's V=0.051) (supporting evidence only, not decisive)"
S1SREASUSE,"What are the reasons you plan to take more science courses during high school? (Check all that apply.) Taking more science courses is required to graduate Your parents will want you to Your teachers will want you to Your school counselor will want you to You are good at science You will need a lot of science courses for the type of career you want Most students who are like you take a lot of science courses You enjoy studying science Taking more science courses will be useful for getting into college Taking more science courses will be useful in college Your friends are going to take more science courses Some other reason You don't know why, you just probably will",S1 - Base year student survey item (2009),Academic performance,14.64,Low,Weak (Cramer's V=0.090),Include,"Matched >1 dimension keyword set (assigned to Academic performance by priority order) -- verify against Description; Statistical association with target: Weak (Cramer's V=0.090) (supporting evidence only, not decisive)"
S1SREASCLG,"What are the reasons you plan to take more science courses during high school? (Check all that apply.) Taking more science courses is required to graduate Your parents will want you to Your teachers will want you to Your school counselor will want you to You are good at science You will need a lot of science courses for the type of career you want Most students who are like you take a lot of science courses You enjoy studying science Taking more science courses will be useful for getting into college Taking more science courses will be useful in college Your friends are going to take more science courses Some other reason You don't know why, you just probably will",S1 - Base year student survey item (2009),Academic performance,14.64,Low,Weak (Cramer's V=0.082),Include,"Matched >1 dimension keyword set (assigned to Academic performance by priority order) -- verify against Description; Statistical association with target: Weak (Cramer's V=0.082) (supporting evidence only, not decisive)"
S1SREASENJOY,"What are the reasons you plan to take more science courses during high school? (Check all that apply.) Taking more science courses is required to graduate Your parents will want you to Your teachers will want you to Your school counselor will want you to You are good at science You will need a lot of science courses for the type of career you want Most students who are like you take a lot of science courses You enjoy studying science Taking more science courses will be useful for getting into college Taking more science courses will be useful in college Your friends are going to take more science courses Some other reason You don't know why, you just probably will",S1 - Base year student survey item (2009),Academic performance,14.64,Low,Weak (Cramer's V=0.099),Include,"Matched >1 dimension keyword set (assigned to Academic performance by priority order) -- verify against Description; Statistical association with target: Weak (Cramer's V=0.099) (supporting evidence only, not decisive)"
S1SREASLIKE,"What are the reasons you plan to take more science courses during high school? (Check all that apply.) Taking more science courses is required to graduate Your parents will want you to Your teachers will want you to Your school counselor will want you to You are good at science You will need a lot of science courses for the type of career you want Most students who are like you take a lot of science courses You enjoy studying science Taking more science courses will be useful for getting into college Taking more science courses will be useful in college Your friends are going to take more science courses Some other reason You don't know why, you just probably will",S1 - Base year student survey item (2009),Academic performance,14.64,Low,Weak (Cramer's V=0.064),Include,"Matched >1 dimension keyword set (assigned to Academic performance by priority order) -- verify against Description; Statistical association with target: Weak (Cramer's V=0.064) (supporting evidence only, not decisive)"
S1SREASJOB,"What are the reasons you plan to take more science courses during high school? (Check all that apply.) Taking more science courses is required to graduate Your parents will want you to Your teachers will want you to Your school counselor will want you to You are good at science You will need a lot of science courses for the type of career you want Most students who are like you take a lot of science courses You enjoy studying science Taking more science courses will be useful for getting into college Taking more science courses will be useful in college Your friends are going to take more science courses Some other reason You don't know why, you just probably will",S1 - Base year student survey item (2009),Academic performance,14.64,Low,Weak (Cramer's V=0.109),Include,"Matched >1 dimension keyword set (assigned to Academic performance by priority order) -- verify against Description; Statistical association with target: Weak (Cramer's V=0.109) (supporting evidence only, not decisive)"
S1SREASGOOD,"What are the reasons you plan to take more science courses during high school? (Check all that apply.) Taking more science courses is required to graduate Your parents will want you to Your teachers will want you to Your school counselor will want you to You are good at science You will need a lot of science courses for the type of career you want Most students who are like you take a lot of science courses You enjoy studying science Taking more science courses will be useful for getting into college Taking more science courses will be useful in college Your friends are going to take more science courses Some other reason You don't know why, you just probably will",S1 - Base year student survey item (2009),Academic performance,14.64,Low,Weak (Cramer's V=0.106),Include,"Matched >1 dimension keyword set (assigned to Academic performance by priority order) -- verify against Description; Statistical association with target: Weak (Cramer's V=0.106) (supporting evidence only, not decisive)"
S1SREASTCHR,"What are the reasons you plan to take more science courses during high school? (Check all that apply.) Taking more science courses is required to graduate Your parents will want you to Your teachers will want you to Your school counselor will want you to You are good at science You will need a lot of science courses for the type of career you want Most students who are like you take a lot of science courses You enjoy studying science Taking more science courses will be useful for getting into college Taking more science courses will be useful in college Your friends are going to take more science courses Some other reason You don't know why, you just probably will",S1 - Base year student survey item (2009),Academic performance,14.64,Low,Weak (Cramer's V=0.052),Include,"Matched >1 dimension keyword set (assigned to Academic performance by priority order) -- verify against Description; Statistical association with target: Weak (Cramer's V=0.052) (supporting evidence only, not decisive)"
S1SREASPAR,"What are the reasons you plan to take more science courses during high school? (Check all that apply.) Taking more science courses is required to graduate Your parents will want you to Your teachers will want you to Your school counselor will want you to You are good at science You will need a lot of science courses for the type of career you want Most students who are like you take a lot of science courses You enjoy studying science Taking more science courses will be useful for getting into college Taking more science courses will be useful in college Your friends are going to take more science courses Some other reason You don't know why, you just probably will",S1 - Base year student survey item (2009),Academic performance,14.64,Low,Weak (Cramer's V=0.069),Include,"Matched >1 dimension keyword set (assigned to Academic performance by priority order) -- verify against Description; Statistical association with target: Weak (Cramer's V=0.069) (supporting evidence only, not decisive)"
S1SYRS,"Including this year, how many years of science do you expect to take during high school? One year Two years Three years Four or more years",S1 - Base year student survey item (2009),Academic performance,10.71,Low,Weak (Cramer's V=0.081),Include,"Statistical association with target: Weak (Cramer's V=0.081) (supporting evidence only, not decisive)"
S1MTEXTBOOK,How much do you agree or disagree with the following statements about your [fall 2009 math] course? You are certain that you can understand the most difficult material presented in the textbook used in this course Strongly agree Agree Disagree Strongly disagree,S1 - Base year student survey item (2009),Academic performance,19.13,Low,Weak (Cramer's V=0.078),Include,"Statistical association with target: Weak (Cramer's V=0.078) (supporting evidence only, not decisive)"
S1APCALC,Do you plan to enroll in... an Advanced Placement (AP) calculus course? Yes No You haven't decided yet You don't know what this is,S1 - Base year student survey item (2009),Academic performance,13.17,Low,Weak (Cramer's V=0.094),Include,"Statistical association with target: Weak (Cramer's V=0.094) (supporting evidence only, not decisive)"
S1MREASNOT,"What are the reasons you plan to take more math courses during high school? (Check all that apply.) Taking more math courses is required to graduate Your parents will want you to Your teachers will want you to Your school counselor will want you to You are good at math You will need a lot of math courses for the type of career you want Most students who are like you take a lot of math courses You enjoy studying math Taking more math courses will be useful for getting into college Taking more math courses will be useful in college Your friends are going to take more math courses Some other reason You don't know why, you just probably will",S1 - Base year student survey item (2009),Academic performance,13.12,Low,Weak (Cramer's V=0.052),Include,"Matched >1 dimension keyword set (assigned to Academic performance by priority order) -- verify against Description; Statistical association with target: Weak (Cramer's V=0.052) (supporting evidence only, not decisive)"
S1MREASFRND,"What are the reasons you plan to take more math courses during high school? (Check all that apply.) Taking more math courses is required to graduate Your parents will want you to Your teachers will want you to Your school counselor will want you to You are good at math You will need a lot of math courses for the type of career you want Most students who are like you take a lot of math courses You enjoy studying math Taking more math courses will be useful for getting into college Taking more math courses will be useful in college Your friends are going to take more math courses Some other reason You don't know why, you just probably will",S1 - Base year student survey item (2009),Academic performance,13.12,Low,Weak (Cramer's V=0.053),Include,"Matched >1 dimension keyword set (assigned to Academic performance by priority order) -- verify against Description; Statistical association with target: Weak (Cramer's V=0.053) (supporting evidence only, not decisive)"
S1MREASUSE,"What are the reasons you plan to take more math courses during high school? (Check all that apply.) Taking more math courses is required to graduate Your parents will want you to Your teachers will want you to Your school counselor will want you to You are good at math You will need a lot of math courses for the type of career you want Most students who are like you take a lot of math courses You enjoy studying math Taking more math courses will be useful for getting into college Taking more math courses will be useful in college Your friends are going to take more math courses Some other reason You don't know why, you just probably will",S1 - Base year student survey item (2009),Academic performance,13.12,Low,Weak (Cramer's V=0.084),Include,"Matched >1 dimension keyword set (assigned to Academic performance by priority order) -- verify against Description; Statistical association with target: Weak (Cramer's V=0.084) (supporting evidence only, not decisive)"
S1MREASCLG,"What are the reasons you plan to take more math courses during high school? (Check all that apply.) Taking more math courses is required to graduate Your parents will want you to Your teachers will want you to Your school counselor will want you to You are good at math You will need a lot of math courses for the type of career you want Most students who are like you take a lot of math courses You enjoy studying math Taking more math courses will be useful for getting into college Taking more math courses will be useful in college Your friends are going to take more math courses Some other reason You don't know why, you just probably will",S1 - Base year student survey item (2009),Academic performance,13.12,Low,Weak (Cramer's V=0.075),Include,"Matched >1 dimension keyword set (assigned to Academic performance by priority order) -- verify against Description; Statistical association with target: Weak (Cramer's V=0.075) (supporting evidence only, not decisive)"
S1MREASENJOY,"What are the reasons you plan to take more math courses during high school? (Check all that apply.) Taking more math courses is required to graduate Your parents will want you to Your teachers will want you to Your school counselor will want you to You are good at math You will need a lot of math courses for the type of career you want Most students who are like you take a lot of math courses You enjoy studying math Taking more math courses will be useful for getting into college Taking more math courses will be useful in college Your friends are going to take more math courses Some other reason You don't know why, you just probably will",S1 - Base year student survey item (2009),Academic performance,13.12,Low,Weak (Cramer's V=0.085),Include,"Matched >1 dimension keyword set (assigned to Academic performance by priority order) -- verify against Description; Statistical association with target: Weak (Cramer's V=0.085) (supporting evidence only, not decisive)"
S1MREASLIKE,"What are the reasons you plan to take more math courses during high school? (Check all that apply.) Taking more math courses is required to graduate Your parents will want you to Your teachers will want you to Your school counselor will want you to You are good at math You will need a lot of math courses for the type of career you want Most students who are like you take a lot of math courses You enjoy studying math Taking more math courses will be useful for getting into college Taking more math courses will be useful in college Your friends are going to take more math courses Some other reason You don't know why, you just probably will",S1 - Base year student survey item (2009),Academic performance,13.12,Low,Weak (Cramer's V=0.053),Include,"Matched >1 dimension keyword set (assigned to Academic performance by priority order) -- verify against Description; Statistical association with target: Weak (Cramer's V=0.053) (supporting evidence only, not decisive)"
S1MREASJOB,"What are the reasons you plan to take more math courses during high school? (Check all that apply.) Taking more math courses is required to graduate Your parents will want you to Your teachers will want you to Your school counselor will want you to You are good at math You will need a lot of math courses for the type of career you want Most students who are like you take a lot of math courses You enjoy studying math Taking more math courses will be useful for getting into college Taking more math courses will be useful in college Your friends are going to take more math courses Some other reason You don't know why, you just probably will",S1 - Base year student survey item (2009),Academic performance,13.12,Low,Weak (Cramer's V=0.087),Include,"Matched >1 dimension keyword set (assigned to Academic performance by priority order) -- verify against Description; Statistical association with target: Weak (Cramer's V=0.087) (supporting evidence only, not decisive)"
S1MREASGOOD,"What are the reasons you plan to take more math courses during high school? (Check all that apply.) Taking more math courses is required to graduate Your parents will want you to Your teachers will want you to Your school counselor will want you to You are good at math You will need a lot of math courses for the type of career you want Most students who are like you take a lot of math courses You enjoy studying math Taking more math courses will be useful for getting into college Taking more math courses will be useful in college Your friends are going to take more math courses Some other reason You don't know why, you just probably will",S1 - Base year student survey item (2009),Academic performance,13.12,Low,Weak (Cramer's V=0.103),Include,"Matched >1 dimension keyword set (assigned to Academic performance by priority order) -- verify against Description; Statistical association with target: Weak (Cramer's V=0.103) (supporting evidence only, not decisive)"
S1MREASPAR,"What are the reasons you plan to take more math courses during high school? (Check all that apply.) Taking more math courses is required to graduate Your parents will want you to Your teachers will want you to Your school counselor will want you to You are good at math You will need a lot of math courses for the type of career you want Most students who are like you take a lot of math courses You enjoy studying math Taking more math courses will be useful for getting into college Taking more math courses will be useful in college Your friends are going to take more math courses Some other reason You don't know why, you just probably will",S1 - Base year student survey item (2009),Academic performance,13.12,Low,Weak (Cramer's V=0.063),Include,"Matched >1 dimension keyword set (assigned to Academic performance by priority order) -- verify against Description; Statistical association with target: Weak (Cramer's V=0.063) (supporting evidence only, not decisive)"
S1MYRS,"Including this year, how many years of math do you expect to take during high school? One year Two years Three years Four or more years",S1 - Base year student survey item (2009),Academic performance,10.34,Low,Weak (Cramer's V=0.076),Include,"Statistical association with target: Weak (Cramer's V=0.076) (supporting evidence only, not decisive)"
S1IBCALC,Do you plan to enroll in... an International Baccalaureate (IB) calculus course? Yes No You haven't decided yet You don't know what this is,S1 - Base year student survey item (2009),Academic performance,14.79,Low,Weak (Cramer's V=0.051),Include,"Statistical association with target: Weak (Cramer's V=0.051) (supporting evidence only, not decisive)"
S2HS2013,The next series of questions are about what you are most likely to be doing in the fall of 2013. Which of the following activities do you expect to be doing at that time? Attending high school or a GED completion course 1=Yes 2=No 3=Don't Know,S2 - First follow-up student survey item (2012),Academic performance,13.39,Low,Weak (Cramer's V=0.059),Include,"Statistical association with target: Weak (Cramer's V=0.059) (supporting evidence only, not decisive)"
S2FAMILY2013,The next series of questions are about what you are most likely to be doing in the fall of 2013. Which of the following activities do you expect to be doing at that time? Starting a family or taking care of your children 1=Yes 2=No 3=Don't Know,S2 - First follow-up student survey item (2012),Demographic or socioeconomic controls,12.59,Low,Weak (Cramer's V=0.067),Include,"Statistical association with target: Weak (Cramer's V=0.067) (supporting evidence only, not decisive)"
S2FRFTJOB,How many of your close friends... plan to have a full-time job instead of continuing their education? 0=None of them 1=Less than half 2=About half 3=More than half 4=All of them 5=Don't know Administered To: All respondents.,S2 - First follow-up student survey item (2012),Career interests and aspirations,13.23,Low,Weak (Cramer's V=0.062),Include,"Statistical association with target: Weak (Cramer's V=0.062) (supporting evidence only, not decisive)"
S2FRCLGEXAM,"How many of your close friends... have taken the PSAT, SAT, PLAN or ACT? 0=None of them 1=Less than half 2=About half 3=More than half 4=All of them 5=Don't know Administered To: All respondents.",S2 - First follow-up student survey item (2012),Academic performance,13.36,Low,Weak (Cramer's V=0.076),Include,"Statistical association with target: Weak (Cramer's V=0.076) (supporting evidence only, not decisive)"
X1PAR1EDU,"Indicates the highest level of education achieved by ""parent #1""; ""parent #1"" is the parent to whom all ""parent #1"" variables (e.g., X1P1RELATION, X1PAR1EMP, P1YRBORN1, P1USYR1, etc.) refer. X1PAR1EDU is taken from the base year parent questionnaire; if missing from the base year parent questionnaire, X1PAR1EDU is statistically imputed for cases with a completed parent interview (imputed values in X1PAR1EDU can be identified using X1PAR1EDU_IM). ""Educational Specialist diploma"" recoded as ""Master's degree"" on the public use file.","X1 - Base year (Fall 2009, 9th grade)",Demographic or socioeconomic controls,28.59,Low,Weak (Cramer's V=0.080),Include,"Statistical association with target: Weak (Cramer's V=0.080) (supporting evidence only, not decisive)"
S2PSATNUM,"How many times, if any, have you taken the following tests? PSAT or PLAN 0=Never 1=Once 2=Twice 3=3 or more times 4=You don't know what this is Administered To: All respondents.",S2 - First follow-up student survey item (2012),Academic performance,13.63,Low,Weak (Cramer's V=0.080),Include,"Statistical association with target: Weak (Cramer's V=0.080) (supporting evidence only, not decisive)"
S1FYNOTSURE,What do you plan to do during your first year after high school? (Check all that apply.) Enroll in an Associate's degree program in a two-year community college or technical institute Enroll in a Bachelor's degree program in a college or university Obtain a license or certificate in a career field Attend a registered apprenticeship program Join the armed services Get a job Start a family Travel Do volunteer or missionary work Not sure what you want to do,S1 - Base year student survey item (2009),Academic performance,10.56,Low,Weak (Cramer's V=0.058),Include,"Matched >1 dimension keyword set (assigned to Academic performance by priority order) -- verify against Description; Statistical association with target: Weak (Cramer's V=0.058) (supporting evidence only, not decisive)"
S1FYTRAVEL,What do you plan to do during your first year after high school? (Check all that apply.) Enroll in an Associate's degree program in a two-year community college or technical institute Enroll in a Bachelor's degree program in a college or university Obtain a license or certificate in a career field Attend a registered apprenticeship program Join the armed services Get a job Start a family Travel Do volunteer or missionary work Not sure what you want to do,S1 - Base year student survey item (2009),Academic performance,10.56,Low,Weak (Cramer's V=0.052),Include,"Matched >1 dimension keyword set (assigned to Academic performance by priority order) -- verify against Description; Statistical association with target: Weak (Cramer's V=0.052) (supporting evidence only, not decisive)"
S1FYMILITARY,What do you plan to do during your first year after high school? (Check all that apply.) Enroll in an Associate's degree program in a two-year community college or technical institute Enroll in a Bachelor's degree program in a college or university Obtain a license or certificate in a career field Attend a registered apprenticeship program Join the armed services Get a job Start a family Travel Do volunteer or missionary work Not sure what you want to do,S1 - Base year student survey item (2009),Academic performance,10.56,Low,Weak (Cramer's V=0.069),Include,"Matched >1 dimension keyword set (assigned to Academic performance by priority order) -- verify against Description; Statistical association with target: Weak (Cramer's V=0.069) (supporting evidence only, not decisive)"
S1FYBA,What do you plan to do during your first year after high school? (Check all that apply.) Enroll in an Associate's degree program in a two-year community college or technical institute Enroll in a Bachelor's degree program in a college or university Obtain a license or certificate in a career field Attend a registered apprenticeship program Join the armed services Get a job Start a family Travel Do volunteer or missionary work Not sure what you want to do,S1 - Base year student survey item (2009),Academic performance,10.56,Low,Weak (Cramer's V=0.108),Include,"Matched >1 dimension keyword set (assigned to Academic performance by priority order) -- verify against Description; Statistical association with target: Weak (Cramer's V=0.108) (supporting evidence only, not decisive)"
S1SREASNOT,"What are the reasons you plan to take more science courses during high school? (Check all that apply.) Taking more science courses is required to graduate Your parents will want you to Your teachers will want you to Your school counselor will want you to You are good at science You will need a lot of science courses for the type of career you want Most students who are like you take a lot of science courses You enjoy studying science Taking more science courses will be useful for getting into college Taking more science courses will be useful in college Your friends are going to take more science courses Some other reason You don't know why, you just probably will",S1 - Base year student survey item (2009),Academic performance,14.64,Low,Weak (Cramer's V=0.058),Include,"Matched >1 dimension keyword set (assigned to Academic performance by priority order) -- verify against Description; Statistical association with target: Weak (Cramer's V=0.058) (supporting evidence only, not decisive)"
S1ABILITYBA,"Whatever your plans, do you think you have the ability to complete a Bachelor's degree? Definitely Probably Probably not Definitely not",S1 - Base year student survey item (2009),Academic performance,10.77,Low,Weak (Cramer's V=0.093),Include,"Statistical association with target: Weak (Cramer's V=0.093) (supporting evidence only, not decisive)"
S1SURECLG,How sure are you that you will go on to college to pursue a Bachelor's degree after you leave high school? Very sure you'll go You'll probably go You probably won't go Very sure you won't go,S1 - Base year student survey item (2009),Academic performance,46.81,Low,Weak (Cramer's V=0.082),Include,"Statistical association with target: Weak (Cramer's V=0.082) (supporting evidence only, not decisive)"
S1EDUEXPECT,"As things stand now, how far in school do you think you will get? Less than high school High school graduation or GED Start but not complete an Associate's degree from a community college or technical institute Complete an Associate's degree from a community college or technical institute Start but not complete a Bachelor's degree Complete a Bachelor's degree Start but not complete a Master's degree or equivalent Complete a Master's degree or equivalent Start but not complete a Ph.D., M.D., law degree, or other high level professional degree Complete a Ph.D., M.D., law degree, or other high level professional degree Don't know",S1 - Base year student survey item (2009),Academic performance,10.07,Low,Weak (Cramer's V=0.079),Include,"Statistical association with target: Weak (Cramer's V=0.079) (supporting evidence only, not decisive)"
S1SUREHSGRAD,How sure are you that you will graduate from high school? Very sure you'll graduate You'll probably graduate You probably won't graduate Very sure you won't graduate,S1 - Base year student survey item (2009),Academic performance,11.15,Low,Weak (Cramer's V=0.057),Include,"Statistical association with target: Weak (Cramer's V=0.057) (supporting evidence only, not decisive)"
S1AP,Have you taken or are you planning to take... an Advanced Placement (AP) test? No Yes You haven't decided yet You don't know what this is,S1 - Base year student survey item (2009),Academic performance,12.77,Low,Weak (Cramer's V=0.086),Include,"Statistical association with target: Weak (Cramer's V=0.086) (supporting evidence only, not decisive)"
S1ACT,Have you taken or are you planning to take... American College Testing Service (ACT) test? No Yes You haven't decided yet You don't know what this is,S1 - Base year student survey item (2009),Academic performance,12.98,Low,Weak (Cramer's V=0.056),Include,"Statistical association with target: Weak (Cramer's V=0.056) (supporting evidence only, not decisive)"
S1SAT,Have you taken or are you planning to take... the SAT? No Yes You haven't decided yet You don't know what this is,S1 - Base year student survey item (2009),Academic performance,12.3,Low,Weak (Cramer's V=0.064),Include,"Statistical association with target: Weak (Cramer's V=0.064) (supporting evidence only, not decisive)"
S1PSAT,Have you taken or are you planning to take... the PSAT? No Yes You haven't decided yet You don't know what this is,S1 - Base year student survey item (2009),Academic performance,12.16,Low,Weak (Cramer's V=0.057),Include,"Statistical association with target: Weak (Cramer's V=0.057) (supporting evidence only, not decisive)"
S1PLAN,"An ""education plan"" or a ""career plan"" is a series of activities and courses that you will need to complete in order to get into college or be successful in your future career. Have you put together... a combined education and career plan an education plan only a career plan only or none of these?",S1 - Base year student survey item (2009),Academic performance,11.63,Low,Weak (Cramer's V=0.053),Include,"Matched >1 dimension keyword set (assigned to Academic performance by priority order) -- verify against Description; Statistical association with target: Weak (Cramer's V=0.053) (supporting evidence only, not decisive)"
S1IBSCI,Do you plan to enroll in... an International Baccalaureate (IB) science course? Yes No You haven't decided yet You don't know what this is,S1 - Base year student survey item (2009),Academic performance,15.9,Low,Weak (Cramer's V=0.057),Include,"Statistical association with target: Weak (Cramer's V=0.057) (supporting evidence only, not decisive)"
S1APS,Do you plan to enroll in... an Advanced Placement (AP) science course? Yes No You haven't decided yet You don't know what this is,S1 - Base year student survey item (2009),Academic performance,14.63,Low,Weak (Cramer's V=0.099),Include,"Statistical association with target: Weak (Cramer's V=0.099) (supporting evidence only, not decisive)"
S1BAAGE30,Would you be disappointed if you did not graduate from college with a Bachelor's degree by the time you are 30 years old? Yes No,S1 - Base year student survey item (2009),Academic performance,10.59,Low,Weak (Cramer's V=0.062),Include,"Statistical association with target: Weak (Cramer's V=0.062) (supporting evidence only, not decisive)"
S1NOHWDN,How often do you... go to class without your homework done? Never Rarely Sometimes Often,S1 - Base year student survey item (2009),Academic performance,10.14,Low,Weak (Cramer's V=0.053),Include,"Statistical association with target: Weak (Cramer's V=0.053) (supporting evidence only, not decisive)"
S1GOODGRADES,How much do you agree or disagree with the following statements about your current school? Getting good grades in school is important to you Strongly agree Agree Disagree Strongly disagree,S1 - Base year student survey item (2009),Academic performance,10.39,Low,Weak (Cramer's V=0.060),Include,"Statistical association with target: Weak (Cramer's V=0.060) (supporting evidence only, not decisive)"
S1SASSEXCL,How much do you agree or disagree with the following statements about your [fall 2009 science] course? You are confident that you can do an excellent job on assignments in this course Strongly agree Agree Disagree Strongly disagree,S1 - Base year student survey item (2009),Academic performance,25.91,Low,Weak (Cramer's V=0.072),Include,"Matched >1 dimension keyword set (assigned to Academic performance by priority order) -- verify against Description; Statistical association with target: Weak (Cramer's V=0.072) (supporting evidence only, not decisive)"
S1SSKILLS,How much do you agree or disagree with the following statements about your [fall 2009 science] course? You are certain you can master the skills being taught in this course Strongly agree Agree Disagree Strongly disagree,S1 - Base year student survey item (2009),Academic performance,25.7,Low,Weak (Cramer's V=0.078),Include,"Matched >1 dimension keyword set (assigned to Academic performance by priority order) -- verify against Description; Statistical association with target: Weak (Cramer's V=0.078) (supporting evidence only, not decisive)"
S1STEXTBOOK,How much do you agree or disagree with the following statements about your [fall 2009 science] course? You are certain you can understand the most difficult material presented in the textbook used in this course Strongly agree Agree Disagree Strongly disagree,S1 - Base year student survey item (2009),Academic performance,25.55,Low,Weak (Cramer's V=0.077),Include,"Statistical association with target: Weak (Cramer's V=0.077) (supporting evidence only, not decisive)"
S1STESTS,How much do you agree or disagree with the following statements about your [fall 2009 science] course? You are confident that you can do an excellent job on tests in this course Strongly agree Agree Disagree Strongly disagree,S1 - Base year student survey item (2009),Academic performance,25.44,Low,Weak (Cramer's V=0.072),Include,"Matched >1 dimension keyword set (assigned to Academic performance by priority order) -- verify against Description; Statistical association with target: Weak (Cramer's V=0.072) (supporting evidence only, not decisive)"
S1SUSEJOB,How much do you agree or disagree with the following statements about the usefulness of your [fall 2009 science] course? What students learn in this course... will be useful for a future career. Strongly agree Agree Disagree Strongly disagree,S1 - Base year student survey item (2009),Academic performance,26.15,Low,Weak (Cramer's V=0.073),Include,"Matched >1 dimension keyword set (assigned to Academic performance by priority order) -- verify against Description; Statistical association with target: Weak (Cramer's V=0.073) (supporting evidence only, not decisive)"
S1SUSECLG,How much do you agree or disagree with the following statements about the usefulness of your [fall 2009 science] course? What students learn in this course... will be useful for college. Strongly agree Agree Disagree Strongly disagree,S1 - Base year student survey item (2009),Academic performance,25.93,Low,Weak (Cramer's V=0.052),Include,"Statistical association with target: Weak (Cramer's V=0.052) (supporting evidence only, not decisive)"
S1SUSELIFE,How much do you agree or disagree with the following statements about the usefulness of your [fall 2009 science] course? What students learn in this course... is useful for everyday life. Strongly agree Agree Disagree Strongly disagree,S1 - Base year student survey item (2009),Academic performance,25.89,Low,Weak (Cramer's V=0.051),Include,"Statistical association with target: Weak (Cramer's V=0.051) (supporting evidence only, not decisive)"
S1SWASTE,How much do you agree or disagree with the following statements about your [fall 2009 science] course? You think this class is a waste of your time Strongly agree Agree Disagree Strongly disagree,S1 - Base year student survey item (2009),Academic performance,25.49,Low,Weak (Cramer's V=0.057),Include,"Statistical association with target: Weak (Cramer's V=0.057) (supporting evidence only, not decisive)"
S1FRNDSCHOOL,"As far as you know, are the following statements true or false for your closest friend? Your closest friend... is interested in school. True False",S1 - Base year student survey item (2009),Academic performance,11.26,Low,Weak (Cramer's V=0.051),Include,"Matched >1 dimension keyword set (assigned to Academic performance by priority order) -- verify against Description; Statistical association with target: Weak (Cramer's V=0.051) (supporting evidence only, not decisive)"
S1SCAREER,"Why are you taking [fall 2009 science course]? [If late December or later add: (If you are no longer taking this course, think back to the fall when you answer this question and the questions that follow.)] (Check all that apply.) You really enjoy science You like to be challenged You had no choice, it is a school requirement The school counselor suggested you take it Your parent(s) encouraged you to take it A teacher encouraged you to take it There were no other science courses offered You will need it to get into college You will need it to succeed in college You will need it for your career It was assigned to you Some other reason You don't know why you are taking this course",S1 - Base year student survey item (2009),Academic performance,25.39,Low,Weak (Cramer's V=0.070),Include,"Matched >1 dimension keyword set (assigned to Academic performance by priority order) -- verify against Description; Statistical association with target: Weak (Cramer's V=0.070) (supporting evidence only, not decisive)"
S1SCLGSUCC,"Why are you taking [fall 2009 science course]? [If late December or later add: (If you are no longer taking this course, think back to the fall when you answer this question and the questions that follow.)] (Check all that apply.) You really enjoy science You like to be challenged You had no choice, it is a school requirement The school counselor suggested you take it Your parent(s) encouraged you to take it A teacher encouraged you to take it There were no other science courses offered You will need it to get into college You will need it to succeed in college You will need it for your career It was assigned to you Some other reason You don't know why you are taking this course",S1 - Base year student survey item (2009),Academic performance,25.39,Low,Weak (Cramer's V=0.054),Include,"Matched >1 dimension keyword set (assigned to Academic performance by priority order) -- verify against Description; Statistical association with target: Weak (Cramer's V=0.054) (supporting evidence only, not decisive)"
S1SPARENT,"Why are you taking [fall 2009 science course]? [If late December or later add: (If you are no longer taking this course, think back to the fall when you answer this question and the questions that follow.)] (Check all that apply.) You really enjoy science You like to be challenged You had no choice, it is a school requirement The school counselor suggested you take it Your parent(s) encouraged you to take it A teacher encouraged you to take it There were no other science courses offered You will need it to get into college You will need it to succeed in college You will need it for your career It was assigned to you Some other reason You don't know why you are taking this course",S1 - Base year student survey item (2009),Academic performance,25.39,Low,Weak (Cramer's V=0.050),Include,"Matched >1 dimension keyword set (assigned to Academic performance by priority order) -- verify against Description; Statistical association with target: Weak (Cramer's V=0.050) (supporting evidence only, not decisive)"
S1SCHALLENGE,"Why are you taking [fall 2009 science course]? [If late December or later add: (If you are no longer taking this course, think back to the fall when you answer this question and the questions that follow.)] (Check all that apply.) You really enjoy science You like to be challenged You had no choice, it is a school requirement The school counselor suggested you take it Your parent(s) encouraged you to take it A teacher encouraged you to take it There were no other science courses offered You will need it to get into college You will need it to succeed in college You will need it for your career It was assigned to you Some other reason You don't know why you are taking this course",S1 - Base year student survey item (2009),Academic performance,25.39,Low,Weak (Cramer's V=0.073),Include,"Matched >1 dimension keyword set (assigned to Academic performance by priority order) -- verify against Description; Statistical association with target: Weak (Cramer's V=0.073) (supporting evidence only, not decisive)"
S1SENJOYS,"Why are you taking [fall 2009 science course]? [If late December or later add: (If you are no longer taking this course, think back to the fall when you answer this question and the questions that follow.)] (Check all that apply.) You really enjoy science You like to be challenged You had no choice, it is a school requirement The school counselor suggested you take it Your parent(s) encouraged you to take it A teacher encouraged you to take it There were no other science courses offered You will need it to get into college You will need it to succeed in college You will need it for your career It was assigned to you Some other reason You don't know why you are taking this course",S1 - Base year student survey item (2009),Academic performance,25.39,Low,Weak (Cramer's V=0.081),Include,"Matched >1 dimension keyword set (assigned to Academic performance by priority order) -- verify against Description; Statistical association with target: Weak (Cramer's V=0.081) (supporting evidence only, not decisive)"
S1BIO1S09,"What science course(s) are you currently taking this fall? [What science course(s) were you taking in the fall (2009)?] (Check all that apply.) Biology I Earth Science Physical Science Environmental Science Physics I Integrated Science I Chemistry I Integrated Science II or above Anatomy or Physiology Advanced Biology such as Biology II, AP, or IB Advanced Chemistry such as Chemistry II, AP, or IB General Science Principles of Technology Life Science Advanced Physics such as Physics II, AP or IB Other earth or environmental sciences such as ecology, geology, oceanography, or meteorology Other biological sciences such as botany, marine biology, or zoology Other physical sciences such as astronomy or electronics Other science course",S1 - Base year student survey item (2009),Academic performance,25.0,Low,Weak (Cramer's V=0.051),Include,"Statistical association with target: Weak (Cramer's V=0.051) (supporting evidence only, not decisive)"
S1SUNDERST,"When you are working on a science assignment, how often do you think you really understand the assignment? Never Rarely Sometimes Often",S1 - Base year student survey item (2009),Academic performance,9.23,Low,Weak (Cramer's V=0.091),Include,"Statistical association with target: Weak (Cramer's V=0.091) (supporting evidence only, not decisive)"
S1SPERSON2,How much do you agree or disagree with the following statements? Others see you as a science person Strongly agree Agree Disagree Strongly disagree,S1 - Base year student survey item (2009),Academic performance,10.06,Low,Weak (Cramer's V=0.094),Include,"Statistical association with target: Weak (Cramer's V=0.094) (supporting evidence only, not decisive)"
S1SPERSON1,How much do you agree or disagree with the following statements? You see yourself as a science person Strongly agree Agree Disagree Strongly disagree,S1 - Base year student survey item (2009),Academic performance,9.25,Low,Weak (Cramer's V=0.111),Include,"Statistical association with target: Weak (Cramer's V=0.111) (supporting evidence only, not decisive)"
S1MASSEXCL,How much do you agree or disagree with the following statements about your [fall 2009 math] course? You are confident that you can do an excellent job on assignments in this course Strongly agree Agree Disagree Strongly disagree,S1 - Base year student survey item (2009),Academic performance,19.47,Low,Weak (Cramer's V=0.071),Include,"Matched >1 dimension keyword set (assigned to Academic performance by priority order) -- verify against Description; Statistical association with target: Weak (Cramer's V=0.071) (supporting evidence only, not decisive)"
S1MSKILLS,How much do you agree or disagree with the following statements about your [fall 2009 math] course? You are certain that you can master the skills being taught in this course Strongly agree Agree Disagree Strongly disagree,S1 - Base year student survey item (2009),Academic performance,19.26,Low,Weak (Cramer's V=0.073),Include,"Matched >1 dimension keyword set (assigned to Academic performance by priority order) -- verify against Description; Statistical association with target: Weak (Cramer's V=0.073) (supporting evidence only, not decisive)"
S1SENJOYING,How much do you agree or disagree with the following statements about your [fall 2009 science] course? You are enjoying this class very much Strongly agree Agree Disagree Strongly disagree,S1 - Base year student survey item (2009),Academic performance,25.3,Low,Weak (Cramer's V=0.060),Include,"Statistical association with target: Weak (Cramer's V=0.060) (supporting evidence only, not decisive)"
S1NOTALKPRB,"Since the beginning of the last school year (2008-2009), which of the following people have you talked with about personal problems? (Check all that apply.) Your mother or female guardian Your father or male guardian Your friends A favorite teacher A school counselor None of these people",S1 - Base year student survey item (2009),Academic performance,11.15,Low,Weak (Cramer's V=0.056),Include,"Matched >1 dimension keyword set (assigned to Academic performance by priority order) -- verify against Description; Statistical association with target: Weak (Cramer's V=0.056) (supporting evidence only, not decisive)"
S1FRNDTLKPRB,"Since the beginning of the last school year (2008-2009), which of the following people have you talked with about personal problems? (Check all that apply.) Your mother or female guardian Your father or male guardian Your friends A favorite teacher A school counselor None of these people",S1 - Base year student survey item (2009),Academic performance,11.15,Low,Weak (Cramer's V=0.072),Include,"Matched >1 dimension keyword set (assigned to Academic performance by priority order) -- verify against Description; Statistical association with target: Weak (Cramer's V=0.072) (supporting evidence only, not decisive)"
S1DADTALKPRB,"Since the beginning of the last school year (2008-2009), which of the following people have you talked with about personal problems? (Check all that apply.) Your mother or female guardian Your father or male guardian Your friends A favorite teacher A school counselor None of these people",S1 - Base year student survey item (2009),Academic performance,18.21,Low,Weak (Cramer's V=0.060),Include,"Matched >1 dimension keyword set (assigned to Academic performance by priority order) -- verify against Description; Statistical association with target: Weak (Cramer's V=0.060) (supporting evidence only, not decisive)"
S1FRNDTLKJOB,"Since the beginning of the last school year (2008-2009), which of the following people have you talked with about possible jobs or careers when you are an adult? (Check all that apply.) Your mother or female guardian Your father or male guardian Your friends A favorite teacher A school counselor None of these people",S1 - Base year student survey item (2009),Academic performance,11.04,Low,Weak (Cramer's V=0.054),Include,"Matched >1 dimension keyword set (assigned to Academic performance by priority order) -- verify against Description; Statistical association with target: Weak (Cramer's V=0.054) (supporting evidence only, not decisive)"
S1DADTALKJOB,"Since the beginning of the last school year (2008-2009), which of the following people have you talked with about possible jobs or careers when you are an adult? (Check all that apply.) Your mother or female guardian Your father or male guardian Your friends A favorite teacher A school counselor None of these people",S1 - Base year student survey item (2009),Academic performance,18.12,Low,Weak (Cramer's V=0.055),Include,"Matched >1 dimension keyword set (assigned to Academic performance by priority order) -- verify against Description; Statistical association with target: Weak (Cramer's V=0.055) (supporting evidence only, not decisive)"
S1FRNDTLKCLG,"Since the beginning of the last school year (2008-2009), which of the following people have you talked with about going to college? (Check all that apply.) Your mother or female guardian Your father or male guardian Your friends A favorite teacher A school counselor None of these people",S1 - Base year student survey item (2009),Academic performance,11.08,Low,Weak (Cramer's V=0.061),Include,"Matched >1 dimension keyword set (assigned to Academic performance by priority order) -- verify against Description; Statistical association with target: Weak (Cramer's V=0.061) (supporting evidence only, not decisive)"
S1DADTALKCLG,"Since the beginning of the last school year (2008-2009), which of the following people have you talked with about going to college? (Check all that apply.) Your mother or female guardian Your father or male guardian Your friends A favorite teacher A school counselor None of these people",S1 - Base year student survey item (2009),Academic performance,18.14,Low,Weak (Cramer's V=0.065),Include,"Matched >1 dimension keyword set (assigned to Academic performance by priority order) -- verify against Description; Statistical association with target: Weak (Cramer's V=0.065) (supporting evidence only, not decisive)"
S1NOTALKOTH,"Since the beginning of the last school year (2008-2009), which of the following people have you talked with about which courses to take this year other than math and science courses? (Check all that apply.) Your mother or female guardian Your father or male guardian Your friends A favorite teacher A school counselor None of these people",S1 - Base year student survey item (2009),Academic performance,11.51,Low,Weak (Cramer's V=0.060),Include,"Matched >1 dimension keyword set (assigned to Academic performance by priority order) -- verify against Description; Statistical association with target: Weak (Cramer's V=0.060) (supporting evidence only, not decisive)"
S1FRNDTLKOTH,"Since the beginning of the last school year (2008-2009), which of the following people have you talked with about which courses to take this year other than math and science courses? (Check all that apply.) Your mother or female guardian Your father or male guardian Your friends A favorite teacher A school counselor None of these people",S1 - Base year student survey item (2009),Academic performance,11.51,Low,Weak (Cramer's V=0.051),Include,"Matched >1 dimension keyword set (assigned to Academic performance by priority order) -- verify against Description; Statistical association with target: Weak (Cramer's V=0.051) (supporting evidence only, not decisive)"
S1DADTALKOTH,"Since the beginning of the last school year (2008-2009), which of the following people have you talked with about which courses to take this year other than math and science courses? (Check all that apply.) Your mother or female guardian Your father or male guardian Your friends A favorite teacher A school counselor None of these people",S1 - Base year student survey item (2009),Academic performance,18.5,Low,Weak (Cramer's V=0.073),Include,"Matched >1 dimension keyword set (assigned to Academic performance by priority order) -- verify against Description; Statistical association with target: Weak (Cramer's V=0.073) (supporting evidence only, not decisive)"
S1FAVSUBJ,"Not including lunch or study periods, what is your favorite school subject? English Foreign Language Science Art Music Mathematics Physical Education or Gym Religion Health Education Computer Education or Computer Science Social Studies, History, Government, or Civics Career preparation class such as health professions, business, or culinary arts Other",S1 - Base year student survey item (2009),Academic performance,10.25,Low,Weak (Cramer's V=0.095),Include,"Matched >1 dimension keyword set (assigned to Academic performance by priority order) -- verify against Description; Statistical association with target: Weak (Cramer's V=0.095) (supporting evidence only, not decisive)"
S1NOTALKS,"Since the beginning of the last school year (2008-2009), which of the following people have you talked with about which science courses to take this year? (Check all that apply.) Your mother or female guardian Your father or male guardian Your friends A favorite teacher A school counselor None of these people",S1 - Base year student survey item (2009),Academic performance,11.98,Low,Weak (Cramer's V=0.062),Include,"Matched >1 dimension keyword set (assigned to Academic performance by priority order) -- verify against Description; Statistical association with target: Weak (Cramer's V=0.062) (supporting evidence only, not decisive)"
S1FRNDTALKS,"Since the beginning of the last school year (2008-2009), which of the following people have you talked with about which science courses to take this year? (Check all that apply.) Your mother or female guardian Your father or male guardian Your friends A favorite teacher A school counselor None of these people",S1 - Base year student survey item (2009),Academic performance,11.98,Low,Weak (Cramer's V=0.053),Include,"Matched >1 dimension keyword set (assigned to Academic performance by priority order) -- verify against Description; Statistical association with target: Weak (Cramer's V=0.053) (supporting evidence only, not decisive)"
S1DADTALKS,"Since the beginning of the last school year (2008-2009), which of the following people have you talked with about which science courses to take this year? (Check all that apply.) Your mother or female guardian Your father or male guardian Your friends A favorite teacher A school counselor None of these people",S1 - Base year student survey item (2009),Academic performance,18.93,Low,Weak (Cramer's V=0.071),Include,"Matched >1 dimension keyword set (assigned to Academic performance by priority order) -- verify against Description; Statistical association with target: Weak (Cramer's V=0.071) (supporting evidence only, not decisive)"
S1MOMTALKS,"Since the beginning of the last school year (2008-2009), which of the following people have you talked with about which science courses to take this year? (Check all that apply.) Your mother or female guardian Your father or male guardian Your friends A favorite teacher A school counselor None of these people",S1 - Base year student survey item (2009),Academic performance,13.38,Low,Weak (Cramer's V=0.055),Include,"Matched >1 dimension keyword set (assigned to Academic performance by priority order) -- verify against Description; Statistical association with target: Weak (Cramer's V=0.055) (supporting evidence only, not decisive)"
S1NOTALKM,"Since the beginning of the last school year (2008-2009), which of the following people have you talked with about which math courses to take this year? (Check all that apply.) Your mother or female guardian Your father or male guardian Your friends A favorite teacher A school counselor None of these people",S1 - Base year student survey item (2009),Academic performance,10.68,Low,Weak (Cramer's V=0.050),Include,"Matched >1 dimension keyword set (assigned to Academic performance by priority order) -- verify against Description; Statistical association with target: Weak (Cramer's V=0.050) (supporting evidence only, not decisive)"
S1DADTALKM,"Since the beginning of the last school year (2008-2009), which of the following people have you talked with about which math courses to take this year? (Check all that apply.) Your mother or female guardian Your father or male guardian Your friends A favorite teacher A school counselor None of these people",S1 - Base year student survey item (2009),Academic performance,17.79,Low,Weak (Cramer's V=0.077),Include,"Matched >1 dimension keyword set (assigned to Academic performance by priority order) -- verify against Description; Statistical association with target: Weak (Cramer's V=0.077) (supporting evidence only, not decisive)"
S1MOMTALKM,"Since the beginning of the last school year (2008-2009), which of the following people have you talked with about which math courses to take this year? (Check all that apply.) Your mother or female guardian Your father or male guardian Your friends A favorite teacher A school counselor None of these people",S1 - Base year student survey item (2009),Academic performance,12.11,Low,Weak (Cramer's V=0.057),Include,"Matched >1 dimension keyword set (assigned to Academic performance by priority order) -- verify against Description; Statistical association with target: Weak (Cramer's V=0.057) (supporting evidence only, not decisive)"
S1WORKING,How much do you agree or disagree with the following statements? Working is more important for you than attending college Strongly agree Agree Disagree Strongly disagree,S1 - Base year student survey item (2009),Academic performance,11.3,Low,Weak (Cramer's V=0.069),Include,"Statistical association with target: Weak (Cramer's V=0.069) (supporting evidence only, not decisive)"
S1GETINTOCLG,"How much do you agree or disagree with the following statements? Even if you study, you will not be able to get into college Strongly agree Agree Disagree Strongly disagree",S1 - Base year student survey item (2009),Academic performance,10.73,Low,Weak (Cramer's V=0.060),Include,"Statistical association with target: Weak (Cramer's V=0.060) (supporting evidence only, not decisive)"
S1PAYOFF,How much do you agree or disagree with the following statements? Studying in school rarely pays off later with good jobs Strongly agree Agree Disagree Strongly disagree,S1 - Base year student survey item (2009),Academic performance,10.57,Low,Weak (Cramer's V=0.062),Include,"Matched >1 dimension keyword set (assigned to Academic performance by priority order) -- verify against Description; Statistical association with target: Weak (Cramer's V=0.062) (supporting evidence only, not decisive)"
S1LEASTSUBJ,"Not including lunch or study periods, what is your least favorite school subject? English Foreign Language Science Art Music Mathematics Physical Education or Gym Religion Health Education Computer Education or Computer Science Social Studies, History, Government, or Civics Career preparation class such as health professions, business, or culinary arts Other",S1 - Base year student survey item (2009),Academic performance,10.97,Low,Weak (Cramer's V=0.055),Include,"Matched >1 dimension keyword set (assigned to Academic performance by priority order) -- verify against Description; Statistical association with target: Weak (Cramer's V=0.055) (supporting evidence only, not decisive)"
S1MOMTALKOTH,"Since the beginning of the last school year (2008-2009), which of the following people have you talked with about which courses to take this year other than math and science courses? (Check all that apply.) Your mother or female guardian Your father or male guardian Your friends A favorite teacher A school counselor None of these people",S1 - Base year student survey item (2009),Academic performance,12.91,Low,Weak (Cramer's V=0.056),Include,"Matched >1 dimension keyword set (assigned to Academic performance by priority order) -- verify against Description; Statistical association with target: Weak (Cramer's V=0.056) (supporting evidence only, not decisive)"
